Nr,Gebiet,gehört zu,Gewählt,Wählende,Ungültige Stimmen,Gültige Stimmen,SPD,% SPD,CDU,% CDU,GRÜNE,% Grüne,FDP,% FDP,AfD,% AfD,LINKE,% Linke
1,Flensburg - Schleswig,1,-,192866,1027,191839,30544,"15,9216843290468%",47683,"24,8557384056422%",30590,"15,9456627693013%",7065,"3,6827756608406%",29267,"15,2560219767618%",15894,"8,28507237840064%"
2,Nordfriesland - Dithmarschen Nord,1,Christlich Demokratische Union Deutschlands,153755,855,152900,26637,"17,4211903204709%",45300,"29,6272073250491%",18763,"12,2714192282538%",7617,"4,98168737737083%",24564,"16,0654022236756%",9437,"6,17200784826684%"
3,Steinburg - Dithmarschen Süd,1,Christlich Demokratische Union Deutschlands,146576,805,145771,25645,"17,5926624637274%",42612,"29,2321517997407%",16079,"11,0303146716425%",7447,"5,10869788915491%",29679,"20,3600167385831%",9684,"6,64329667766565%"
4,Rendsburg-Eckernförde,1,Christlich Demokratische Union Deutschlands,172519,873,171646,30418,"17,7213567458607%",50231,"29,2642997797793%",25226,"14,696526572131%",7956,"4,63512112137772%",27498,"16,0201810703424%",10887,"6,3427053353996%"
5,Kiel,1,BÜNDNIS 90/DIE GRÜNEN,167205,901,166304,32088,"19,294785453146%",32842,"19,7481720223206%",38149,"22,9393159515105%",6567,"3,94879257263806%",17883,"10,753198960939%",22779,"13,6972051183375%"
6,Plön - Neumünster,1,Christlich Demokratische Union Deutschlands,143605,950,142655,27342,"19,1665206266868%",40815,"28,6109845431285%",19957,"13,9896954190179%",6150,"4,31110020679261%",25683,"18,0035750587081%",9657,"6,76947881251972%"
7,Pinneberg,1,Christlich Demokratische Union Deutschlands,200312,1020,199292,40326,"20,2346305922967%",57532,"28,8681934046525%",28967,"14,5349537362262%",10086,"5,06091564137045%",31098,"15,6042390060815%",15064,"7,5587580033318%"
8,Segeberg - Stormarn-Mitte,1,Christlich Demokratische Union Deutschlands,211550,1039,210511,40275,"19,1320168542261%",61079,"29,0146358147555%",28809,"13,6852706034364%",10974,"5,21302924787778%",36211,"17,2014764074086%",14887,"7,0718394763219%"
9,Ostholstein - Stormarn-Nord,1,Christlich Demokratische Union Deutschlands,150788,797,149991,29510,"19,6745138041616%",46721,"31,1492022854705%",19095,"12,7307638458308%",7656,"5,1043062583755%",26494,"17,6637264902561%",8935,"5,95702408811195%"
10,Herzogtum Lauenburg - Stormarn-Süd,1,Christlich Demokratische Union Deutschlands,208075,1072,207003,39860,"19,2557595783636%",61515,"29,7169606237591%",28853,"13,938445336541%",11091,"5,35789336386429%",35560,"17,178494997657%",14253,"6,88540745786293%"
11,Lübeck,1,Sozialdemokratische Partei Deutschlands,142999,829,142170,30026,"21,1197861714848%",32037,"22,5342899345854%",25444,"17,8968840120982%",5547,"3,9016670183583%",22254,"15,6530913694872%",14921,"10,4951818245762%"
901,Schleswig-Holstein,99,,1890250,10168,1880082,352671,"18,7582775644892%",518367,"27,5715101788114%",279932,"14,8893505708794%",88156,"4,68894441838175%",306191,"16,286044970379%",146398,"7,78678802307559%"
12,Schwerin - Ludwigslust-Parchim I - Nordwestmecklenburg I,13,Alternative für Deutschland,171875,1455,170420,24693,"14,489496537965%",32209,"18,8997770214764%",9494,"5,5709423776552%",5613,"3,29362750850839%",54975,"32,2585377303133%",19558,"11,4763525407816%"
13,Ludwigslust-Parchim II - Nordwestmecklenburg II - Landkreis Rostock I,13,Alternative für Deutschland,162889,1166,161723,23009,"14,2274135404364%",29812,"18,4339889811591%",7744,"4,78843454548827%",4921,"3,04285723119161%",56236,"34,7730378486672%",17339,"10,721418722136%"
14,Rostock - Landkreis Rostock II,13,-,179099,1094,178005,25383,"14,2597118058482%",29907,"16,8012134490604%",15933,"8,95087216651218%",6057,"3,40271340692677%",45612,"25,6239993258616%",30739,"17,268616050111%"
15,Vorpommern-Rügen - Vorpommern-Greifswald I,13,Alternative für Deutschland,186436,1356,185080,19150,"10,3468770261509%",32675,"17,6545277717744%",11466,"6,19515885022693%",6204,"3,35206397233629%",65647,"35,4695266911606%",23214,"12,542684244651%"
16,Mecklenburgische Seenplatte I - Vorpommern-Greifswald II,13,Alternative für Deutschland,168238,1400,166838,16306,"9,77355278773421%",28878,"17,309006341481%",4721,"2,82969107757226%",5252,"3,14796389311788%",71490,"42,8499502511418%",15824,"9,48464978002613%"
17,Mecklenburgische Seenplatte II - Landkreis Rostock III,13,Alternative für Deutschland,160613,1454,159159,18162,"11,4112302791548%",28482,"17,8953122349349%",5363,"3,36958638845431%",4632,"2,91029724991989%",63396,"39,8318662469606%",16377,"10,2897102897103%"
913,Mecklenburg-Vorpommern,99,,1029150,7925,1021225,126703,"12,4069622267375%",181963,"17,8181106024627%",54721,"5,35836862591496%",32679,"3,19998041567725%",357356,"34,9928762025998%",123051,"12,0493524933291%"
18,Hamburg-Mitte,2,Sozialdemokratische Partei Deutschlands,189434,1102,188332,41803,"22,1964403287811%",29588,"15,7105537030351%",38169,"20,2668691459763%",7745,"4,1124184949982%",19813,"10,5202514708069%",35750,"18,982435273878%"
19,Hamburg-Altona,2,BÜNDNIS 90/DIE GRÜNEN,158772,677,158095,32490,"20,5509345646605%",30863,"19,5218065087447%",37452,"23,6895537493279%",7377,"4,6661817261773%",11596,"7,33483032353964%",28455,"17,9986716847465%"
20,Hamburg-Eimsbüttel,2,BÜNDNIS 90/DIE GRÜNEN,165711,674,165037,36884,"22,3489278161867%",33328,"20,1942594690888%",39549,"23,9637172270461%",8099,"4,90738440470925%",12450,"7,54376291377085%",23991,"14,5367402461266%"
21,Hamburg-Nord,2,Christlich Demokratische Union Deutschlands,190233,728,189505,42685,"22,5244716498245%",49436,"26,0869106356033%",39931,"21,0712118413762%",11090,"5,85208833540012%",15782,"8,32801245349727%",19315,"10,1923432099417%"
22,Hamburg-Wandsbek,2,Sozialdemokratische Partei Deutschlands,179893,1019,178874,44504,"24,8800831870479%",39925,"22,3201806858459%",25956,"14,5107729463198%",7345,"4,1062423829064%",25266,"14,1250265550052%",20488,"11,4538725583372%"
23,Hamburg-Bergedorf - Harburg,2,Sozialdemokratische Partei Deutschlands,166191,1165,165026,39198,"23,7526207991468%",33642,"20,3858785888284%",20704,"12,5459018578891%",5422,"3,28554288415159%",28556,"17,3039399852145%",22931,"13,8953861815714%"
902,Hamburg,99,,1050234,5365,1044869,237564,"22,7362473190419%",216782,"20,7472898516465%",201761,"19,3096933682596%",47078,"4,50563659176414%",113463,"10,8590646291545%",150930,"14,444872993648%"
24,Aurich - Emden,3,Sozialdemokratische Partei Deutschlands,155709,1024,154685,44286,"28,6297960371077%",36007,"23,2776287293532%",12748,"8,24126450528493%",5052,"3,26599217765136%",32478,"20,9962181206969%",11682,"7,55212205449785%"
25,Unterems,3,Christlich Demokratische Union Deutschlands,198291,1067,197224,42893,"21,7483673386606%",64643,"32,7764369447937%",14267,"7,23390662394029%",7717,"3,91280980002434%",41176,"20,8777836368799%",12955,"6,56867318379102%"
26,Friesland - Wilhelmshaven - Wittmund,3,Sozialdemokratische Partei Deutschlands,150781,877,149904,38211,"25,4903138008325%",39618,"26,4289145052834%",12572,"8,38670082185932%",5961,"3,97654498879283%",30278,"20,1982602198741%",10896,"7,26865193723983%"
27,Oldenburg - Ammerland,3,Sozialdemokratische Partei Deutschlands,194106,925,193181,46024,"23,8242891381658%",46074,"23,8501716007268%",31857,"16,4907521961269%",8555,"4,42848934419016%",24919,"12,8993016911601%",21699,"11,2324711022306%"
28,Delmenhorst - Wesermarsch - Oldenburg-Land,3,Christlich Demokratische Union Deutschlands,185081,1000,184081,43835,"23,8128867183468%",48101,"26,1303447938679%",18435,"10,0146131322624%",9047,"4,91468429658683%",35955,"19,5321624719553%",13613,"7,39511410737664%"
29,Cuxhaven - Stade II,3,Christlich Demokratische Union Deutschlands,155176,788,154388,37040,"23,9915019302018%",45964,"29,7717439179211%",13656,"8,84524703992538%",5823,"3,77166619167293%",30933,"20,0358836178978%",9280,"6,01082985724279%"
30,Stade I - Rotenburg II,3,Christlich Demokratische Union Deutschlands,167119,777,166342,36582,"21,992040494884%",51046,"30,6873790143199%",18203,"10,9431171922906%",6693,"4,02363804691539%",30498,"18,3345156364598%",11789,"7,08720587704849%"
31,Mittelems,3,Christlich Demokratische Union Deutschlands,199529,915,198614,42166,"21,2301247646188%",78008,"39,2761839548068%",17256,"8,68820929038235%",8921,"4,49162697493631%",28483,"14,3408823144391%",12609,"6,34849507084093%"
32,Cloppenburg - Vechta,3,Christlich Demokratische Union Deutschlands,187174,997,186177,29053,"15,6050425133072%",73616,"39,5408670243908%",13277,"7,13138572433759%",8432,"4,52902345617343%",38357,"20,6024374654227%",11518,"6,18658588332608%"
33,Diepholz - Nienburg I,3,Christlich Demokratische Union Deutschlands,162072,755,161317,36820,"22,8246248070569%",49080,"30,4245677764898%",16558,"10,2642622910171%",7376,"4,57236373103889%",28346,"17,5716136551014%",10982,"6,80771400410372%"
34,Osterholz - Verden,3,Christlich Demokratische Union Deutschlands,166157,762,165395,38009,"22,9807430696212%",46321,"28,0062879772665%",20450,"12,3643399135403%",6942,"4,19722482541794%",29180,"17,6426131382448%",12060,"7,2916351763959%"
35,Rotenburg I - Heidekreis,3,Sozialdemokratische Partei Deutschlands,139393,803,138590,34349,"24,7846164946966%",38933,"28,0922144454867%",12795,"9,23226784039253%",5118,"3,69290713615701%",27466,"19,8181686990403%",9777,"7,05462154556606%"
36,Harburg,3,Christlich Demokratische Union Deutschlands,175134,705,174429,35733,"20,4856990523365%",53029,"30,4014814050416%",22502,"12,9003778041495%",8478,"4,86043031835303%",29324,"16,8114247057542%",12298,"7,05043312751893%"
37,Lüchow-Dannenberg - Lüneburg,3,Sozialdemokratische Partei Deutschlands,154831,676,154155,32399,"21,0171580552042%",37097,"24,064740034381%",25602,"16,6079595212611%",5627,"3,65022217897571%",25017,"16,2284713437774%",15934,"10,336349777821%"
38,Osnabrück-Land,3,Christlich Demokratische Union Deutschlands,167741,844,166897,37108,"22,2340725117887%",53514,"32,0640874311701%",16444,"9,85278345326758%",7189,"4,30744710809661%",30206,"18,0985877517271%",10900,"6,53097419366436%"
39,Stadt Osnabrück,3,Christlich Demokratische Union Deutschlands,161536,664,160872,39356,"24,4641702720175%",42265,"26,2724402009051%",25670,"15,9567855189219%",6650,"4,13372121935452%",18544,"11,5271768859715%",17804,"11,0671838480282%"
40,Nienburg II - Schaumburg,3,Sozialdemokratische Partei Deutschlands,157507,823,156684,38093,"24,3119910137602%",42907,"27,3844170432208%",15550,"9,92443389242041%",5936,"3,78851701513875%",32249,"20,582190906538%",10235,"6,53225600571852%"
41,Stadt Hannover I,3,Sozialdemokratische Partei Deutschlands,143759,803,142956,33839,"23,6709197235513%",30595,"21,4016900304989%",25754,"18,0153333892946%",6177,"4,32090993032821%",18414,"12,8808864265928%",17019,"11,9050616973055%"
42,Stadt Hannover II,3,Sozialdemokratische Partei Deutschlands,159052,782,158270,34913,"22,0591394452518%",29685,"18,7559234220004%",33650,"21,2611360333607%",6136,"3,87691918872812%",16411,"10,3689897011436%",26100,"16,4908068490554%"
43,Hannover-Land I,3,Christlich Demokratische Union Deutschlands,192227,984,191243,43417,"22,7025302886903%",56900,"29,7527229754815%",21753,"11,3745339698708%",8729,"4,5643500677149%",33247,"17,3846885899092%",13208,"6,90639657399225%"
44,Celle - Uelzen,3,Christlich Demokratische Union Deutschlands,174910,970,173940,36321,"20,8813383925492%",51631,"29,6832241002645%",17787,"10,2259399793032%",7504,"4,31413130964701%",35375,"20,3374726917328%",12190,"7,00816373462113%"
45,Gifhorn - Peine,3,Sozialdemokratische Partei Deutschlands,183844,949,182895,43689,"23,8874764208972%",50192,"27,4430684272397%",17417,"9,52295032669018%",6809,"3,72290111812789%",38988,"21,317149183958%",11869,"6,48951584242325%"
46,Hameln-Pyrmont - Holzminden,3,Sozialdemokratische Partei Deutschlands,144827,886,143941,35445,"24,6246726089162%",38855,"26,9936988071502%",13527,"9,39760040572179%",5667,"3,93702975524694%",30515,"21,1996581932875%",9575,"6,65203104049576%"
47,Hannover-Land II,3,Sozialdemokratische Partei Deutschlands,197760,1079,196681,47478,"24,1395966056711%",53994,"27,4525754902609%",23995,"12,1999583081233%",7840,"3,98615016193735%",34337,"17,4582191467402%",14602,"7,42420467660832%"
48,Hildesheim,3,Sozialdemokratische Partei Deutschlands,176681,920,175761,42610,"24,2431483662473%",47275,"26,8973207935776%",20303,"11,5514818418193%",6535,"3,71811721599217%",31741,"18,0591826400624%",14749,"8,39150892405027%"
49,Salzgitter - Wolfenbüttel,3,Sozialdemokratische Partei Deutschlands,159604,1007,158597,38650,"24,3699439459763%",42085,"26,5358108917571%",13824,"8,71643221498515%",5619,"3,54294217418993%",33836,"21,3345775771295%",12357,"7,79144624425431%"
50,Braunschweig,3,Sozialdemokratische Partei Deutschlands,155379,824,154555,34992,"22,6404839701077%",34956,"22,6171912911261%",27788,"17,9793600983469%",6142,"3,97398984180389%",20622,"13,3428229432888%",17979,"11,6327520947236%"
51,Helmstedt - Wolfsburg,3,Christlich Demokratische Union Deutschlands,141889,837,141052,32716,"23,1942829594759%",39109,"27,7266539999433%",11878,"8,42100785525905%",5335,"3,78229305504353%",30969,"21,9557326376088%",9406,"6,66846269460908%"
52,Goslar - Northeim - Göttingen II,3,Sozialdemokratische Partei Deutschlands,155583,971,154612,38452,"24,8699971541666%",43211,"27,9480247328797%",13463,"8,70760354953044%",6116,"3,95570848317078%",30927,"20,0029751895066%",10715,"6,93025120947921%"
53,Göttingen I,3,Christlich Demokratische Union Deutschlands,175544,917,174627,38345,"21,958230972301%",44788,"25,647809330745%",27390,"15,6848597295951%",6911,"3,95757815229031%",25266,"14,468552972908%",19429,"11,125999988547%"
903,Niedersachsen,99,,5038396,26331,5012065,1152824,"23,0009786385452%",1409499,"28,1221213212518%",576371,"11,4996712931696%",205037,"4,09086873374547%",894057,"17,8380966727287%",405229,"8,08507072434216%"
54,Bremen I,4,-,194782,983,193799,42455,"21,9067177849215%",41196,"21,2570756299052%",35822,"18,4840995051574%",7417,"3,82716113086239%",22792,"11,7606385997864%",30834,"15,9102988147514%"
55,Bremen II - Bremerhaven,4,Sozialdemokratische Partei Deutschlands,155596,1137,154459,38145,"24,6958739859769%",30371,"19,6628231440059%",18466,"11,9552761574269%",4877,"3,15747220945364%",29702,"19,229698496041%",20627,"13,3543529350831%"
904,Bremen,99,,350378,2120,348258,80600,"23,1437612344871%",71567,"20,5499945442746%",54288,"15,5884430508416%",12294,"3,53014144685836%",52494,"15,0733077201385%",51461,"14,7766885469968%"
56,Prignitz - Ostprignitz-Ruppin - Havelland I,12,Alternative für Deutschland,133067,1046,132021,20999,"15,9058028646958%",22920,"17,3608744063444%",5782,"4,37960627475932%",3355,"2,5412623749252%",48277,"36,5676672650563%",12905,"9,77496004423539%"
57,Uckermark - Barnim I,12,Alternative für Deutschland,142112,1024,141088,19508,"13,8268314810615%",22700,"16,0892492628714%",6833,"4,84307666137446%",3745,"2,6543717396235%",50763,"35,9796722612837%",15480,"10,9718757087775%"
58,Oberhavel - Havelland II,12,-,211112,1290,209822,32266,"15,3777964179161%",45580,"21,7231748815663%",17620,"8,39759415123295%",7579,"3,6121093117023%",61545,"29,3320052234751%",19602,"9,34220434463498%"
59,Märkisch-Oderland - Barnim II,12,Alternative für Deutschland,193032,1210,191822,25134,"13,1027723618772%",32399,"16,8901377318556%",11132,"5,80329680641428%",5552,"2,89434997028495%",64893,"33,8298005442546%",21638,"11,2802493978793%"
60,Brandenburg an der Havel - Potsdam-Mittelmark I - Havelland III - Teltow-Fläming I,12,Alternative für Deutschland,161158,1259,159899,27515,"17,2077373842238%",29337,"18,3472066742131%",9603,"6,00566607671092%",4627,"2,89370164916604%",50225,"31,4104528483605%",17229,"10,774926672462%"
61,Potsdam - Potsdam-Mittelmark II - Teltow-Fläming II,12,Sozialdemokratische Partei Deutschlands,200725,1091,199634,34040,"17,0512037027761%",38263,"19,1665748319425%",29115,"14,5841890659908%",8599,"4,30738250999329%",36947,"18,5073684843263%",29408,"14,7309576525041%"
62,Dahme-Spreewald - Teltow-Fläming III,12,Alternative für Deutschland,200776,1431,199345,29306,"14,7011462539818%",39080,"19,604203767338%",12433,"6,2369259324287%",6970,"3,49645087662093%",63990,"32,1001279189345%",20401,"10,2340164037222%"
63,Frankfurt (Oder) - Oder-Spree,12,Alternative für Deutschland,149770,1092,148678,20169,"13,5655577825906%",24737,"16,6379693027886%",7066,"4,75255249599806%",4677,"3,14572431698032%",52666,"35,4228601407068%",15771,"10,6074873215943%"
64,Cottbus - Spree-Neiße,12,Alternative für Deutschland,132378,976,131402,18348,"13,9632577890747%",20932,"15,9297423174685%",5275,"4,01439856318778%",4249,"3,23358852985495%",51313,"39,0503949711572%",12144,"9,24186846471134%"
65,Elbe-Elster - Oberspreewald-Lausitz,12,Alternative für Deutschland,134486,1003,133483,16688,"12,501966542556%",22039,"16,5107167204813%",3732,"2,79586164530315%",4112,"3,08054209150229%",54660,"40,9490347085397%",11645,"8,7239573578658%"
912,Brandenburg,99,,1658616,11422,1647194,243973,"14,8114308332838%",297987,"18,0905831371411%",108591,"6,59248394542477%",53465,"3,24582289639229%",535279,"32,4964151156452%",176223,"10,6983755404646%"
66,Altmark - Jerichower Land,15,Alternative für Deutschland,178498,1334,177164,20659,"11,6609469192387%",34163,"19,283262965388%",5917,"3,33984330902441%",5369,"3,0305253889052%",66177,"37,3535255469509%",18648,"10,5258404642027%"
67,Börde - Salzlandkreis,15,Alternative für Deutschland,170484,1519,168965,17576,"10,4021542923091%",32353,"19,1477524931199%",4463,"2,64137543278194%",4941,"2,92427425798242%",70158,"41,5222087414553%",15344,"9,08117065664487%"
68,Harz,15,Alternative für Deutschland,154072,1249,152823,17601,"11,5172454408041%",29903,"19,5670808713348%",5858,"3,83319264770355%",4178,"2,7338816801136%",56490,"36,9643312852123%",15487,"10,1339458065867%"
69,Magdeburg,15,Alternative für Deutschland,174468,1239,173229,21865,"12,622020562377%",32205,"18,5909980430528%",12271,"7,08368691154483%",5231,"3,01970224385063%",52629,"30,3811717437612%",23224,"13,4065312389958%"
70,Anhalt - Dessau - Wittenberg,15,Alternative für Deutschland,176334,1314,175020,18381,"10,5022283167638%",37579,"21,4712604273797%",6829,"3,90183978973832%",5112,"2,92080905039424%",65554,"37,4551479830876%",16654,"9,51548394469204%"
71,Halle,15,-,173587,1321,172266,20794,"12,0708671473187%",31132,"18,0720513624279%",15179,"8,81137310902906%",6059,"3,51723497381956%",49342,"28,6429127047705%",26437,"15,3466151184796%"
72,Burgenland - Saalekreis,15,Alternative für Deutschland,157348,1142,156206,14168,"9,07007413287582%",29389,"18,8142580950796%",4583,"2,93394619924971%",5127,"3,28220426872207%",66134,"42,3376822913332%",13524,"8,65779803592692%"
73,Mansfeld,15,Alternative für Deutschland,163262,1609,161653,15494,"9,58472778111139%",29811,"18,441352774152%",3974,"2,45835214935696%",5230,"3,23532504809685%",69616,"43,0650838524494%",14485,"8,96055130433707%"
915,Sachsen-Anhalt,99,,1348053,10727,1337326,146538,"10,9575376534966%",256535,"19,1826824573814%",59074,"4,41732232828794%",41247,"3,08428909630113%",496100,"37,0964147859236%",143803,"10,7530250664386%"
74,Berlin-Mitte,11,BÜNDNIS 90/DIE GRÜNEN,161873,889,160984,24189,"15,0257168414252%",21677,"13,4653133230632%",34920,"21,6915966804154%",6422,"3,98921631963425%",14291,"8,87727972966258%",43614,"27,0921333797148%"
75,Berlin-Pankow,11,BÜNDNIS 90/DIE GRÜNEN,199071,931,198140,26046,"13,1452508327445%",28627,"14,4478651458565%",38821,"19,5927122236802%",6555,"3,30826688200262%",31087,"15,689411527203%",43182,"21,7936812354901%"
76,Berlin-Reinickendorf,11,Christlich Demokratische Union Deutschlands,134144,1089,133055,22996,"17,2830784262147%",35167,"26,4304235090752%",17074,"12,8322873999474%",5986,"4,49889143587238%",23118,"17,3747698320244%",15729,"11,8214272293413%"
77,Berlin-Spandau - Charlottenburg Nord,11,Sozialdemokratische Partei Deutschlands,133252,1160,132092,24292,"18,3902128819308%",31434,"23,7970505405324%",14626,"11,0725857735518%",5205,"3,94043545407746%",25302,"19,1548314810889%",17050,"12,9076704115314%"
78,Berlin-Steglitz-Zehlendorf,11,Christlich Demokratische Union Deutschlands,181872,834,181038,32978,"18,2160651354964%",48497,"26,7882985892465%",35849,"19,8019200388869%",10754,"5,94018935251163%",18676,"10,3160662402369%",20715,"11,4423491200742%"
79,Berlin-Charlottenburg-Wilmersdorf,11,Christlich Demokratische Union Deutschlands,162302,759,161543,28927,"17,9066873835449%",37333,"23,1102554737748%",35121,"21,7409606111066%",10335,"6,39767739858737%",14328,"8,86946509598064%",23464,"14,5249252521001%"
80,Berlin-Tempelhof-Schöneberg,11,BÜNDNIS 90/DIE GRÜNEN,186814,1136,185678,32866,"17,7005353353655%",38863,"20,9303202317991%",36894,"19,8698822693049%",7181,"3,86744794752205%",20985,"11,3018235870701%",32091,"17,283146091621%"
81,Berlin-Neukölln,11,Die Linke,146235,1063,145172,22853,"15,7420163667925%",26185,"18,0372248091919%",22260,"15,3335353924999%",4033,"2,7780839280302%",18874,"13,0011296944314%",36687,"25,2714021987711%"
82,Berlin-Friedrichshain-Kreuzberg - Prenzlauer Berg Ost,11,Die Linke,180876,736,180140,24137,"13,399022982125%",16721,"9,28222493616076%",46622,"25,8809814588653%",5010,"2,78117020095481%",12996,"7,21438880870434%",57056,"31,6731431109137%"
83,Berlin-Treptow-Köpenick,11,Die Linke,169813,1030,168783,21403,"12,6807794623866%",25858,"15,320263296659%",20226,"11,9834343506159%",4949,"2,93216733912776%",36410,"21,5720777566461%",36609,"21,6899806260109%"
84,Berlin-Marzahn-Hellersdorf,11,Alternative für Deutschland,149485,1041,148444,16171,"10,8936703403304%",24498,"16,5031931233327%",8911,"6,00293713454232%",3802,"2,56123521327908%",46294,"31,1861712160815%",24746,"16,6702594917949%"
85,Berlin-Lichtenberg,11,Die Linke,155424,1094,154330,18332,"11,8784422989697%",21231,"13,7568845979395%",16698,"10,8196721311475%",3878,"2,51279725264045%",34638,"22,4441132637854%",36199,"23,4555821939999%"
911,Berlin,99,,1961161,11762,1949399,295190,"15,1426157497772%",356091,"18,266706815793%",328022,"16,826827140057%",74110,"3,80168451917745%",296999,"15,235413581314%",387142,"19,8595567146592%"
86,Aachen I,5,Christlich Demokratische Union Deutschlands,143849,865,142984,25205,"17,6278464723326%",34180,"23,904772561965%",34769,"24,3167067643932%",6870,"4,80473339674369%",13891,"9,71507301516254%",18398,"12,8671739495328%"
87,Aachen II,5,Christlich Demokratische Union Deutschlands,182360,1396,180964,37902,"20,9444972480714%",57089,"31,547158550872%",17002,"9,39523883203289%",7599,"4,19917773700847%",34578,"19,1076678234345%",12303,"6,79858977476183%"
88,Heinsberg,5,Christlich Demokratische Union Deutschlands,157147,1114,156033,26662,"17,0874109963918%",54975,"35,2329314952606%",13621,"8,72956361795261%",6516,"4,17603968391302%",31410,"20,130357039857%",9855,"6,31597162138778%"
89,Düren,5,Christlich Demokratische Union Deutschlands,164549,1130,163419,30306,"18,5449672314725%",54483,"33,3394525728343%",13843,"8,47086324111639%",7006,"4,28713919434093%",33517,"20,5098550352162%",10498,"6,42397762806038%"
90,Rhein-Erft-Kreis I,5,Christlich Demokratische Union Deutschlands,207174,1209,205965,40600,"19,7120870050737%",65147,"31,6301313329935%",23825,"11,5674993324108%",10293,"4,9974510232321%",34400,"16,7018668220329%",14819,"7,19491175685189%"
91,Euskirchen - Rhein-Erft-Kreis II,5,Christlich Demokratische Union Deutschlands,207633,1265,206368,36497,"17,6853969607691%",69739,"33,7935144983718%",22512,"10,9086680105443%",9905,"4,7996782446891%",37881,"18,3560435726469%",12960,"6,28004341758412%"
92,Köln I,5,Sozialdemokratische Partei Deutschlands,153110,877,152233,29775,"19,5588341555379%",33934,"22,2908305032417%",27273,"17,9153008874554%",6409,"4,20999389094349%",18853,"12,3843056367542%",22716,"14,9218631965474%"
93,Köln II,5,BÜNDNIS 90/DIE GRÜNEN,214600,679,213921,37916,"17,7243000920901%",53426,"24,9746401709042%",55085,"25,7501601058335%",12933,"6,04568976397829%",13444,"6,28456299288055%",28762,"13,4451503124985%"
94,Köln III,5,BÜNDNIS 90/DIE GRÜNEN,169135,782,168353,33496,"19,8962893444132%",32522,"19,3177430755615%",36769,"21,8404186441584%",5715,"3,39465290193819%",18860,"11,2026515714006%",27502,"16,3359132299395%"
95,Bonn,5,Christlich Demokratische Union Deutschlands,193693,980,192713,34068,"17,6781016329983%",50413,"26,1596259723008%",44136,"22,9024507947051%",9995,"5,18646899793994%",17186,"8,91792458215066%",23994,"12,4506390331737%"
96,Rhein-Sieg-Kreis I,5,Christlich Demokratische Union Deutschlands,199363,1089,198274,35512,"17,910568203597%",63340,"31,9456913160576%",24764,"12,489786860607%",9897,"4,99157731220432%",34457,"17,3784762500378%",13448,"6,7825332620515%"
97,Rhein-Sieg-Kreis II,5,Christlich Demokratische Union Deutschlands,183170,891,182279,30333,"16,6409734527839%",63717,"34,9557546398653%",26800,"14,7027359158214%",10261,"5,62928258329265%",26034,"14,2825010012124%",11888,"6,52187031967478%"
98,Oberbergischer Kreis,5,Christlich Demokratische Union Deutschlands,169836,1229,168607,29969,"17,7744696246301%",53401,"31,6718760193824%",16032,"9,50850201948911%",7771,"4,60894268921219%",35721,"21,1859531336184%",10598,"6,2856227795999%"
99,Rheinisch-Bergischer Kreis,5,Christlich Demokratische Union Deutschlands,184451,1001,183450,33924,"18,4922322158626%",61967,"33,7786862905424%",27582,"15,0351594439902%",10199,"5,55955301171981%",24340,"13,2679204142818%",11972,"6,52602889070592%"
100,Leverkusen - Köln IV,5,Sozialdemokratische Partei Deutschlands,165364,1030,164334,34871,"21,2195893728626%",40450,"24,6145046064722%",23355,"14,2119098908321%",6418,"3,90546082977351%",25392,"15,4514586147724%",19137,"11,6451860235861%"
101,Wuppertal I,5,Sozialdemokratische Partei Deutschlands,152965,1004,151961,30725,"20,219003560124%",35769,"23,538276268253%",19111,"12,5762531175762%",6282,"4,13395542277295%",27221,"17,913148768434%",18583,"12,2287955462257%"
102,Solingen - Remscheid - Wuppertal II,5,Christlich Demokratische Union Deutschlands,173656,1091,172565,34679,"20,0961956364269%",49129,"28,4698519398488%",19322,"11,1969402833715%",8171,"4,73502738098688%",31539,"18,2765914293165%",14540,"8,42581056413525%"
103,Mettmann I,5,Christlich Demokratische Union Deutschlands,167725,996,166729,31486,"18,8845371830935%",53525,"32,1029934804383%",21296,"12,7728229642114%",9418,"5,6486873909158%",25930,"15,5521834833772%",11506,"6,90101901888694%"
104,Mettmann II,5,Christlich Demokratische Union Deutschlands,129858,761,129097,25094,"19,4380969348629%",41355,"32,0340519144519%",14517,"11,2450328047902%",6816,"5,27975088499345%",21731,"16,8330790026104%",9158,"7,09389064037119%"
105,Düsseldorf I,5,Christlich Demokratische Union Deutschlands,187087,764,186323,32067,"17,2104356413325%",56471,"30,3081208439108%",34049,"18,2741797845677%",14550,"7,80901982041938%",18535,"9,94777885714592%",17731,"9,51627013304852%"
106,Düsseldorf II,5,Christlich Demokratische Union Deutschlands,151917,778,151139,28534,"18,879309774446%",38007,"25,1470500664951%",25780,"17,0571460708355%",8236,"5,44928840339026%",19608,"12,9734879812623%",17790,"11,7706217455455%"
107,Neuss I,5,Christlich Demokratische Union Deutschlands,173213,1032,172181,32057,"18,618198291333%",56599,"32,871803509098%",18439,"10,7090793990045%",9019,"5,23809247245631%",29147,"16,9281163426859%",12781,"7,42300253802684%"
108,Mönchengladbach,5,Christlich Demokratische Union Deutschlands,140093,974,139119,26039,"18,7170695591544%",42525,"30,5673560045716%",13843,"9,95047405458636%",6325,"4,54646741279049%",25127,"18,06151568082%",13206,"9,49259267246027%"
109,Krefeld I - Neuss II,5,Christlich Demokratische Union Deutschlands,164175,931,163244,29573,"18,1158266153733%",55632,"34,0790473156747%",20007,"12,2558868932396%",10106,"6,19073289064223%",23886,"14,6320844870256%",11476,"7,0299674107471%"
110,Viersen,5,Christlich Demokratische Union Deutschlands,185888,1166,184722,33644,"18,2133151438378%",64228,"34,770086941458%",21085,"11,4144498218945%",10039,"5,43465315446996%",29312,"15,868169465467%",11875,"6,4285791622005%"
111,Kleve,5,Christlich Demokratische Union Deutschlands,182410,1094,181316,34004,"18,7539985439785%",66213,"36,5180127512189%",18986,"10,4712215138212%",8100,"4,46733878973725%",29097,"16,0476736746895%",11625,"6,41145844823402%"
112,Wesel I,5,Christlich Demokratische Union Deutschlands,170462,970,169492,39286,"23,1786750997097%",53363,"31,4840818445708%",16092,"9,49425341609044%",7204,"4,25034809902532%",29405,"17,348901423076%",11150,"6,57848158025158%"
113,Krefeld II - Wesel II,5,Christlich Demokratische Union Deutschlands,140198,841,139357,31190,"22,3813658445575%",40218,"28,8596912964544%",15317,"10,9911952754436%",6702,"4,80923096794564%",23133,"16,5998119936566%",11212,"8,04552336804036%"
114,Duisburg I,5,Sozialdemokratische Partei Deutschlands,127170,862,126308,32468,"25,7054185008076%",28994,"22,9549988915983%",13470,"10,664407638471%",4228,"3,34737308800709%",21867,"17,312442600627%",13149,"10,4102669664629%"
115,Duisburg II,5,Sozialdemokratische Partei Deutschlands,111932,1093,110839,27970,"25,2348000252619%",21710,"19,5869684858218%",7478,"6,74672272395096%",2954,"2,66512689576774%",27232,"24,5689694060755%",12257,"11,0583819774628%"
116,Oberhausen - Wesel III,5,Sozialdemokratische Partei Deutschlands,155814,1000,154814,38973,"25,1740798635782%",38608,"24,9383130724611%",13760,"8,888085056907%",5247,"3,38922836435981%",31566,"20,3896288449365%",12769,"8,24796207061377%"
117,Mülheim - Essen I,5,Sozialdemokratische Partei Deutschlands,145635,779,144856,34203,"23,6117247473353%",40688,"28,0885845253217%",15927,"10,9950571602143%",6189,"4,27251891533661%",24695,"17,0479648754625%",11360,"7,84227094493842%"
118,Essen II,5,Sozialdemokratische Partei Deutschlands,114166,846,113320,26237,"23,1530180021179%",25277,"22,3058595128839%",10174,"8,97811507236146%",3360,"2,9650547123191%",24911,"21,9828803388634%",12072,"10,6530180021179%"
119,Essen III,5,Christlich Demokratische Union Deutschlands,157665,672,156993,33184,"21,1372481575612%",46387,"29,5471772626805%",25317,"16,1261967094074%",7710,"4,91104698935621%",19130,"12,1852566674947%",14178,"9,03097590338423%"
120,Recklinghausen I,5,Sozialdemokratische Partei Deutschlands,129041,731,128310,29886,"23,2920271218144%",35131,"27,3797833372301%",12447,"9,70072480710779%",4581,"3,57025952770634%",25874,"20,1652248460759%",9622,"7,49902579689814%"
121,Recklinghausen II,5,Christlich Demokratische Union Deutschlands,147467,885,146582,34276,"23,3834986560424%",42174,"28,7716090652331%",12831,"8,75346222592133%",5171,"3,52771827373075%",30725,"20,9609638291195%",9722,"6,63246510485599%"
122,Gelsenkirchen,5,Sozialdemokratische Partei Deutschlands,122676,900,121776,29342,"24,0950597818946%",27665,"22,7179411378268%",7944,"6,52345289712259%",3682,"3,02358428590198%",30032,"24,6616738930495%",11485,"9,43125082117987%"
123,Steinfurt I - Borken I,5,Christlich Demokratische Union Deutschlands,168635,886,167749,31173,"18,5831212108567%",65098,"38,8067887140907%",17571,"10,4745780898843%",7070,"4,21463019153616%",24879,"14,8310869215316%",10636,"6,34042527824309%"
124,Bottrop - Recklinghausen III,5,Christlich Demokratische Union Deutschlands,157954,984,156970,36279,"23,1120596292285%",45951,"29,2737465757788%",13164,"8,3863158565331%",5422,"3,45416321590113%",32770,"20,8766006243231%",10512,"6,69682104860802%"
125,Borken II,5,Christlich Demokratische Union Deutschlands,172539,858,171681,29835,"17,3781606584305%",72746,"42,3727727587794%",18302,"10,6604691258788%",7571,"4,40992305496823%",22829,"13,2973363389076%",9358,"5,45080701999639%"
126,Coesfeld - Steinfurt II,5,Christlich Demokratische Union Deutschlands,169789,868,168921,30231,"17,8965315147317%",67890,"40,1903848544586%",22841,"13,5217054125893%",7231,"4,28069926178509%",21275,"12,5946448339756%",9221,"5,4587647480183%"
127,Steinfurt III,5,Christlich Demokratische Union Deutschlands,165587,908,164679,36478,"22,1509724980113%",54548,"33,1238348544745%",19903,"12,0859368832699%",6572,"3,99079421176956%",24959,"15,1561522719958%",10611,"6,44344451933762%"
128,Münster,5,BÜNDNIS 90/DIE GRÜNEN,208022,799,207223,37437,"18,0660447923252%",53313,"25,7273565193053%",55149,"26,6133585557588%",9629,"4,64668497222799%",14210,"6,85734691612418%",25927,"12,5116420474561%"
129,Warendorf,5,Christlich Demokratische Union Deutschlands,175965,1037,174928,32533,"18,597937437117%",64092,"36,6390743620232%",19715,"11,2703512302204%",7133,"4,07767767309979%",27955,"15,9808606969725%",10946,"6,25743162901308%"
130,Gütersloh I,5,Christlich Demokratische Union Deutschlands,192682,1311,191371,34663,"18,1129847260034%",63908,"33,3948194867561%",22189,"11,5947557362401%",8477,"4,42961577250472%",35110,"18,3465624363148%",12240,"6,39595340986879%"
131,Bielefeld - Gütersloh II,5,Sozialdemokratische Partei Deutschlands,197039,1148,195891,39841,"20,3383514301321%",45716,"23,3374682859345%",32373,"16,5260272294286%",8168,"4,16966578352247%",28142,"14,3661526052754%",25810,"13,1756946465126%"
132,Herford - Minden-Lübbecke II,5,Christlich Demokratische Union Deutschlands,181749,1223,180526,38800,"21,4927489669078%",50128,"27,7677453663184%",17508,"9,69832600290263%",7448,"4,12572150271983%",38431,"21,2883462769906%",12854,"7,12030400053178%"
133,Minden-Lübbecke I,5,Christlich Demokratische Union Deutschlands,163424,1214,162210,35923,"22,1459836015042%",44594,"27,4915233339498%",15379,"9,48091979532705%",6785,"4,18284939276247%",35282,"21,7508168423648%",10761,"6,63399297207324%"
134,Lippe I,5,Christlich Demokratische Union Deutschlands,182679,1324,181355,37926,"20,9125747842629%",49204,"27,1313170301343%",19245,"10,6117835185134%",7713,"4,2529844779576%",39517,"21,789859667503%",12324,"6,79551156571366%"
135,Höxter - Gütersloh III - Lippe II,5,Christlich Demokratische Union Deutschlands,141965,1195,140770,23930,"16,9993606592314%",51273,"36,4232435888329%",11736,"8,33700362293102%",6076,"4,31626056688215%",29064,"20,6464445549478%",7904,"5,61483270583221%"
136,Paderborn,5,Christlich Demokratische Union Deutschlands,192379,1107,191272,26305,"13,7526663599481%",71383,"37,3201514074198%",21998,"11,5008992429629%",8049,"4,20814337697102%",36232,"18,9426575766448%",13551,"7,084675226902%"
137,Hagen - Ennepe-Ruhr-Kreis I,5,Christlich Demokratische Union Deutschlands,153869,1000,152869,32724,"21,4065637899116%",43380,"28,3772380273306%",13448,"8,79707461944541%",5897,"3,85755123667977%",31913,"20,8760441947027%",11933,"7,80602999954209%"
138,Ennepe-Ruhr-Kreis II,5,Christlich Demokratische Union Deutschlands,142860,819,142041,33730,"23,7466646954048%",38804,"27,3188727198485%",17813,"12,5407452777719%",5787,"4,07417576615203%",23813,"16,7648777465661%",10659,"7,50417133081293%"
139,Bochum I,5,Sozialdemokratische Partei Deutschlands,163515,872,162643,39363,"24,2020867790191%",38267,"23,5282182448676%",24224,"14,8939702292752%",5942,"3,65340039227019%",22483,"13,8235276034013%",19652,"12,0829055046943%"
140,Herne - Bochum II,5,Sozialdemokratische Partei Deutschlands,132194,1031,131163,33909,"25,8525651288854%",29840,"22,7503183062297%",11719,"8,9346843240853%",3893,"2,96806263961636%",27453,"20,9304453237575%",12576,"9,58806980627159%"
141,Dortmund I,5,Sozialdemokratische Partei Deutschlands,165438,943,164495,37861,"23,0165050609441%",36346,"22,0955044226268%",25180,"15,3074561536825%",5913,"3,59463813489772%",25853,"15,7165871303079%",19459,"11,8295388917596%"
142,Dortmund II,5,Sozialdemokratische Partei Deutschlands,154308,1018,153290,37510,"24,4699589014287%",36026,"23,5018592210842%",17291,"11,2799269358732%",5405,"3,52599647726531%",27597,"18,0031313197208%",15577,"10,1617848522409%"
143,Unna I,5,Sozialdemokratische Partei Deutschlands,157471,976,156495,38636,"24,6883287005975%",42844,"27,3772324994409%",16275,"10,3996932809355%",5436,"3,47359340554011%",29411,"18,7935716796064%",11269,"7,20086903734944%"
144,Hamm - Unna II,5,Sozialdemokratische Partei Deutschlands,181960,1176,180784,41847,"23,1475130542526%",51262,"28,3553854323392%",14776,"8,17328967165236%",6099,"3,37363926011151%",38096,"21,07266129746%",13545,"7,49236658111337%"
145,Soest,5,Christlich Demokratische Union Deutschlands,190495,1030,189465,34834,"18,3854537777426%",66360,"35,0249386430211%",19040,"10,0493494840736%",7681,"4,05404692159502%",35823,"18,9074499247882%",11577,"6,11036339165545%"
146,Hochsauerlandkreis,5,Christlich Demokratische Union Deutschlands,165047,865,164182,26873,"16,3678113313274%",71615,"43,6192761691294%",12026,"7,3247980899246%",6299,"3,83659597276194%",27390,"16,6827057777345%",8774,"5,34406938641264%"
147,Siegen-Wittgenstein,5,Christlich Demokratische Union Deutschlands,168209,998,167211,33313,"19,9227323561249%",52767,"31,5571343990527%",14338,"8,57479472044303%",6628,"3,963854052664%",33905,"20,2767760494226%",12099,"7,23576798177154%"
148,Olpe - Märkischer Kreis I,5,Christlich Demokratische Union Deutschlands,163342,1035,162307,26688,"16,4429137375467%",63117,"38,8874170553334%",11717,"7,21903553143118%",6416,"3,95300264313924%",33289,"20,5098979095172%",8900,"5,48343571133716%"
149,Märkischer Kreis II,5,Christlich Demokratische Union Deutschlands,153121,975,152146,27788,"18,2640358602921%",51785,"34,0363861028223%",11435,"7,51580718520369%",6027,"3,96132662048296%",32474,"21,3439722371932%",10286,"6,76061151788414%"
905,Nordrhein-Westfalen,99,,10588884,63307,10525577,2108383,"20,0310443788497%",3170708,"30,1238402417274%",1300915,"12,3595599557155%",462644,"4,39542649300841%",1769822,"16,8144891249192%",877058,"8,33263582604545%"
150,Nordsachsen,14,Alternative für Deutschland,126905,849,126056,10562,"8,37881576442216%",26170,"20,760614330139%",4308,"3,41752871739544%",4012,"3,18271244526242%",53909,"42,7659135622263%",10081,"7,997239322206%"
151,Leipzig I,14,-,183932,939,182993,18454,"10,0845387528485%",31902,"17,4334537386676%",19746,"10,7905766887258%",5826,"3,18372833933538%",46287,"25,294410168695%",38513,"21,0461602356374%"
152,Leipzig II,14,Die Linke,195980,750,195230,21930,"11,2329047789786%",30752,"15,7516775085796%",31717,"16,2459662961635%",6129,"3,13937407160785%",36424,"18,6569687035804%",46692,"23,9164062900169%"
153,Leipzig-Land,14,Alternative für Deutschland,172195,1078,171117,15100,"8,82437162876862%",38097,"22,2637143007416%",7869,"4,59860796998545%",5850,"3,41871351180771%",65839,"38,4760134878475%",14985,"8,75716614947667%"
154,Meißen,14,Alternative für Deutschland,157183,945,156238,11025,"7,05654194242118%",31182,"19,9580127753811%",7129,"4,56291043152114%",5919,"3,78845095303319%",68155,"43,6225502118563%",12236,"7,8316414700649%"
155,Bautzen I,14,Alternative für Deutschland,161811,1181,160630,10375,"6,45894291228289%",32190,"20,039843117724%",4691,"2,92037601942352%",5002,"3,1139886696134%",73914,"46,0150656788894%",12469,"7,76255992031377%"
156,Görlitz,14,Alternative für Deutschland,155052,1118,153934,9814,"6,37545961256123%",30406,"19,7526212532644%",5159,"3,35143632985565%",4484,"2,9129367131368%",71854,"46,6784466069874%",11900,"7,73058583548794%"
157,Sächsische Schweiz-Osterzgebirge,14,Alternative für Deutschland,160400,983,159417,9505,"5,96235031395648%",30820,"19,3329444162166%",6318,"3,96319087675718%",5170,"3,24306692510836%",74174,"46,5282874473864%",11716,"7,34927893511984%"
158,Dresden I,14,Alternative für Deutschland,184922,852,184070,18241,"9,90981691747705%",36585,"19,8755908078448%",22544,"12,2475145325148%",7082,"3,84744933992503%",50387,"27,3738251752051%",25444,"13,8230021187592%"
159,Dresden II - Bautzen II,14,Alternative für Deutschland,196333,877,195456,16601,"8,49347167648985%",35306,"18,0634004584152%",25517,"13,0551121480026%",6947,"3,55425261951539%",55902,"28,6008104125737%",31002,"15,8613703339882%"
160,Mittelsachsen,14,Alternative für Deutschland,148354,868,147486,11145,"7,55664944469306%",30403,"20,6141599880667%",5172,"3,50677352426671%",4676,"3,17047041753116%",64097,"43,459718210542%",11800,"8,00075939411198%"
161,Chemnitz,14,Alternative für Deutschland,144921,695,144226,16006,"11,0978603025807%",28020,"19,4278424139892%",9571,"6,63611276746218%",4522,"3,13535700913844%",47095,"32,6536130794725%",17643,"12,2328845007142%"
162,Chemnitzer Umland - Erzgebirgskreis II,14,Alternative für Deutschland,140053,846,139207,11899,"8,54770234255461%",29537,"21,2180421961539%",4523,"3,24911821962976%",4416,"3,17225426882269%",57241,"41,1193402630615%",10864,"7,8042052482993%"
163,Erzgebirgskreis I,14,Alternative für Deutschland,164324,1508,162816,10739,"6,59578911163522%",33585,"20,6275795990566%",3646,"2,2393376572327%",4797,"2,94627063679245%",75154,"46,1588541666667%",11359,"6,97658706761006%"
164,Zwickau,14,Alternative für Deutschland,150837,968,149869,13376,"8,92512794507203%",31806,"21,2225343466628%",4910,"3,27619454323442%",4571,"3,04999699737771%",60791,"40,5627581421108%",12799,"8,54012504253715%"
165,Vogtlandkreis,14,Alternative für Deutschland,141582,864,140718,12383,"8,79986924203016%",30407,"21,6084651572649%",4436,"3,1524040989781%",4092,"2,9079435466678%",57140,"40,6060347645646%",10937,"7,7722821529584%"
914,Sachsen,99,,2584784,15321,2569463,217155,"8,45137680519237%",507168,"19,7382877278248%",167256,"6,50937569445445%",83495,"3,24951166839141%",958363,"37,2981825385304%",290440,"11,3035291810001%"
166,Waldeck,6,Christlich Demokratische Union Deutschlands,150103,1393,148710,33994,"22,8592562705938%",42778,"28,7660547374084%",12718,"8,55221572187479%",5921,"3,98157487727792%",31359,"21,0873512204963%",9115,"6,12937932889517%"
167,Kassel,6,Sozialdemokratische Partei Deutschlands,175151,1558,173593,38770,"22,3338498672181%",38984,"22,4571267274602%",25224,"14,5305398259146%",6238,"3,5934628700466%",27359,"15,7604281278623%",21334,"12,2896660579632%"
168,Werra-Meißner - Hersfeld-Rotenburg,6,Christlich Demokratische Union Deutschlands,138613,1432,137181,30447,"22,1947645811009%",38981,"28,4157427048935%",9947,"7,25100414780473%",5247,"3,82487370700024%",31856,"23,2218747494187%",8575,"6,25086564465925%"
169,Schwalm-Eder,6,-,153583,1538,152045,34060,"22,4012627840442%",41681,"27,4135946594758%",11875,"7,81018777335657%",6169,"4,0573514420073%",36109,"23,7488901312112%",8625,"5,6726626985432%"
170,Marburg,6,Sozialdemokratische Partei Deutschlands,152351,970,151381,31104,"20,5468321651991%",39797,"26,2892965431593%",19597,"12,9454819297006%",5910,"3,90405665175947%",27522,"18,1806171183966%",16006,"10,5733216189614%"
171,Lahn-Dill,6,Christlich Demokratische Union Deutschlands,166096,1398,164698,31086,"18,8745461389938%",49667,"30,1564074852154%",14492,"8,79913538719353%",6699,"4,06744465627998%",37483,"22,7586248770477%",10932,"6,63760337101847%"
172,Gießen,6,Christlich Demokratische Union Deutschlands,178691,1445,177246,33232,"18,7490831951074%",47077,"26,5602608803584%",21925,"12,3698137052458%",7410,"4,18063031041603%",33917,"19,1355517190797%",17359,"9,79373300384776%"
173,Fulda,6,Christlich Demokratische Union Deutschlands,174967,1285,173682,22299,"12,8389815870384%",65247,"37,5669326700522%",13195,"7,59721790398544%",8517,"4,90378968459599%",40952,"23,5787243352794%",9085,"5,23082414988312%"
174,Main-Kinzig - Wetterau II - Schotten,6,Christlich Demokratische Union Deutschlands,146919,1295,145624,23746,"16,306378069549%",44475,"30,5409822556721%",12820,"8,80349392957205%",6777,"4,65376586276987%",36169,"24,837252101302%",8356,"5,73806515409548%"
175,Hochtaunus,6,Christlich Demokratische Union Deutschlands,152705,1001,151704,25252,"16,6455729578653%",50934,"33,5745926277488%",19814,"13,0609608184359%",9963,"6,56739439962031%",24855,"16,3838791330486%",9353,"6,16529557559458%"
176,Wetterau I,6,Christlich Demokratische Union Deutschlands,149797,1164,148633,26144,"17,5896335268749%",45704,"30,7495643632302%",19686,"13,2447033969576%",7963,"5,35749127044465%",25828,"17,3770293272692%",10598,"7,13031426399252%"
177,Rheingau-Taunus - Limburg,6,Christlich Demokratische Union Deutschlands,182786,1208,181578,30839,"16,9838857130269%",60697,"33,4275077377215%",22142,"12,1942085494939%",10177,"5,60475387987532%",31944,"17,5924396127284%",11453,"6,30748218396502%"
178,Wiesbaden,6,Christlich Demokratische Union Deutschlands,148191,984,147207,25711,"17,4658813779236%",39189,"26,6216959791314%",23494,"15,9598388663583%",8234,"5,59348400551604%",20737,"14,0869659730855%",16942,"11,5089635683086%"
179,Hanau,6,Christlich Demokratische Union Deutschlands,143473,1218,142255,26049,"18,3114829004253%",40879,"28,736424027275%",15483,"10,8839759586658%",7024,"4,93761203472637%",27407,"19,2661066394854%",12169,"8,55435661312432%"
180,Main-Taunus,6,Christlich Demokratische Union Deutschlands,165897,1044,164853,25838,"15,6733574760544%",57903,"35,1240195810813%",23886,"14,4892722607414%",12190,"7,39446658538213%",21890,"13,2784966000012%",10899,"6,6113446525086%"
181,Frankfurt am Main I,6,-,160181,1159,159022,27190,"17,0982631334029%",37384,"23,5086969098615%",28697,"18,0459307517199%",10541,"6,62864257775654%",17092,"10,7481983624907%",24476,"15,3915810391015%"
182,Frankfurt am Main II,6,-,191699,1119,190580,32775,"17,1975023612131%",47486,"24,9165704690943%",39503,"20,7277783607934%",12532,"6,57571623465211%",17799,"9,33938503515584%",25783,"13,5287018574877%"
183,Groß-Gerau,6,-,140681,1252,139429,27978,"20,0661268459216%",37903,"27,1844451297793%",15832,"11,3548831304822%",6266,"4,49404356339069%",23606,"16,9304807464731%",13876,"9,95201859010679%"
184,Offenbach,6,Christlich Demokratische Union Deutschlands,174370,1407,172963,30178,"17,4476622167747%",47974,"27,7365679364951%",22646,"13,0929736417615%",9360,"5,41156201037216%",26232,"15,1662494290686%",19893,"11,5013037470442%"
185,Darmstadt,6,-,203008,1274,201734,37368,"18,5234021037604%",48719,"24,1501184728405%",38495,"19,0820585523511%",9664,"4,79046665410888%",27443,"13,6035571594278%",22541,"11,1736246740758%"
186,Odenwald,6,Christlich Demokratische Union Deutschlands,194828,1612,193216,35037,"18,1335914210003%",59337,"30,7101896323286%",21757,"11,2604546207353%",9539,"4,93696174229878%",36239,"18,7556931103014%",13739,"7,11069476647897%"
187,Bergstraße,6,Christlich Demokratische Union Deutschlands,164913,1264,163649,28439,"17,378046917488%",51097,"31,2235332938179%",18345,"11,2099676747185%",8475,"5,1787667507898%",32973,"20,1486107461702%",9970,"6,09230731626836%"
906,Hessen,99,,3609003,28020,3580983,657536,"18,3618855493031%",1033893,"28,8717650991362%",451573,"12,6103083985598%",180816,"5,04933980418226%",636771,"17,7820168372762%",311079,"8,6869722643196%"
188,Eichsfeld - Nordhausen - Kyffhäuserkreis,16,Alternative für Deutschland,165874,1175,164699,14096,"8,55864334331113%",38444,"23,3419753611133%",4425,"2,68671940934675%",4877,"2,96115944844838%",64144,"38,946198823308%",21894,"13,2933411860424%"
189,Eisenach - Wartburgkreis - Unstrut-Hainich-Kreis,16,Alternative für Deutschland,159953,1249,158704,14825,"9,34128944450045%",31218,"19,6705817118661%",4733,"2,9822814799879%",4052,"2,55318076418994%",64059,"40,3638219578587%",20761,"13,0815858453473%"
190,Jena - Sömmerda - Weimarer Land I,16,Alternative für Deutschland,161207,927,160280,14495,"9,04354878961817%",27797,"17,3427751434989%",12157,"7,58485150985775%",4922,"3,07087596705765%",52019,"32,4550786124283%",29919,"18,6667082605441%"
191,Gotha - Ilm-Kreis,16,Alternative für Deutschland,147985,1162,146823,12958,"8,82559272048657%",25917,"17,6518665331726%",5144,"3,50353827397615%",3906,"2,66034613105576%",59553,"40,5610837539078%",21968,"14,9622334375404%"
192,Erfurt - Weimar - Weimarer Land II,16,Die Linke,176031,1189,174842,18408,"10,5283627503689%",30713,"17,5661454341634%",15312,"8,75762116653893%",5034,"2,87917090859176%",46998,"26,8802690429073%",38667,"22,1153956143261%"
193,Gera - Greiz - Altenburger Land,16,Alternative für Deutschland,173712,1349,172363,13622,"7,90308824979839%",30631,"17,7712154000569%",4924,"2,85676160196794%",5137,"2,98033800757703%",74761,"43,3741580269547%",22450,"13,0248371170147%"
194,Saalfeld-Rudolstadt - Saale-Holzland-Kreis - Saale-Orla-Kreis,16,Alternative für Deutschland,172601,1161,171440,12905,"7,52741483901073%",30756,"17,9398040130658%",5055,"2,94855342977135%",4811,"2,80622958469435%",73580,"42,9188054129725%",23080,"13,4624358376108%"
195,Suhl - Schmalkalden-Meiningen - Hildburghausen - Sonneberg,16,Alternative für Deutschland,176252,1269,174983,14606,"8,34709657509587%",30596,"17,4851271266352%",4334,"2,47681203316894%",4547,"2,59853814370539%",75405,"43,0927575821651%",21952,"12,5452186783859%"
916,Thüringen,99,,1333615,9481,1324134,115915,"8,75402338434026%",246072,"18,583617670115%",56084,"4,23552299087555%",37286,"2,81587815130493%",510519,"38,5549347724626%",200691,"15,1563965580523%"
196,Neuwied,7,Christlich Demokratische Union Deutschlands,194327,1227,193100,35679,"18,476954945624%",62297,"32,261522527188%",15674,"8,11703780424651%",8488,"4,39564992232004%",41996,"21,748316934231%",11694,"6,0559295701709%"
197,Ahrweiler,7,Christlich Demokratische Union Deutschlands,159654,965,158689,28429,"17,914915337547%",55289,"34,8411042983446%",15725,"9,90931948654286%",7563,"4,76592580456112%",29076,"18,3226310582334%",9069,"5,71495188702431%"
198,Koblenz,7,Christlich Demokratische Union Deutschlands,155945,994,154951,30233,"19,5113293880001%",48758,"31,4667217378397%",18026,"11,6333550606321%",7405,"4,77893011339069%",25417,"16,4032500596963%",11900,"7,67984717749482%"
199,Mosel/Rhein-Hunsrück,7,Christlich Demokratische Union Deutschlands,142280,1058,141222,25141,"17,8024670377137%",49309,"34,9159479401226%",10918,"7,73109005679002%",7521,"5,32565747546416%",27721,"19,6293778589738%",7411,"5,24776592882129%"
200,Kreuznach,7,Christlich Demokratische Union Deutschlands,146442,991,145451,29494,"20,2776192669696%",44074,"30,3016136018315%",11570,"7,95456889261676%",6425,"4,41729517156981%",32452,"22,3112938377873%",8583,"5,90095633581069%"
201,Bitburg,7,Christlich Demokratische Union Deutschlands,134564,950,133614,22634,"16,9398416333618%",48896,"36,5949675932163%",10070,"7,5366353825198%",6041,"4,52123280494559%",23936,"17,9142904186687%",6622,"4,9560674779589%"
202,Trier,7,-,156858,931,155927,31155,"19,9805036972429%",47886,"30,7105247968601%",19025,"12,2012223668768%",7266,"4,65987288923663%",24103,"15,457874518204%",11944,"7,65999474112886%"
203,Montabaur,7,Christlich Demokratische Union Deutschlands,174499,1577,172922,31353,"18,1312961913464%",56164,"32,4793837684043%",14638,"8,46508830571009%",7959,"4,60265321937058%",36388,"21,0430136130741%",10315,"5,96511722048091%"
204,Mainz,7,-,214604,1382,213222,39496,"18,523416908199%",56549,"26,5211844931574%",44146,"20,7042425265686%",10914,"5,11860877395391%",23043,"10,8070461772237%",23596,"11,0664002776449%"
205,Worms,7,Christlich Demokratische Union Deutschlands,178231,1533,176698,33740,"19,0947265956604%",50919,"28,8169645383649%",18870,"10,6792380219357%",8240,"4,66332386331481%",38743,"21,9261112180104%",11219,"6,34925126487%"
206,Ludwigshafen/Frankenthal,7,-,163106,1444,161662,31416,"19,4331382761564%",44478,"27,5129591369648%",14377,"8,89324640298895%",7095,"4,38878648043449%",37872,"23,4266556148013%",11028,"6,82164021229479%"
207,Neustadt - Speyer,7,Christlich Demokratische Union Deutschlands,182171,1241,180930,32815,"18,1368485049467%",54948,"30,3697562593268%",21329,"11,7885370032609%",8796,"4,86154866522965%",36881,"20,3841264577461%",10071,"5,56624108771348%"
208,Kaiserslautern,7,Sozialdemokratische Partei Deutschlands,179200,1557,177643,36500,"20,5468270632673%",44231,"24,898813913298%",14624,"8,2322410677595%",6973,"3,92528835923735%",45952,"25,8676108825003%",10770,"6,06272130058601%"
209,Pirmasens,7,Christlich Demokratische Union Deutschlands,139067,1383,137684,23976,"17,4137880944772%",41657,"30,255512623108%",8138,"5,91063594898463%",5666,"4,11522035966416%",37286,"27,0808518055838%",6594,"4,78922750646408%"
210,Südpfalz,7,Christlich Demokratische Union Deutschlands,179904,1327,178577,30705,"17,1942635389776%",55080,"30,8438376722646%",19800,"11,0876540651932%",7684,"4,30290574934062%",37867,"21,2048584084177%",10928,"6,11948907194096%"
907,Rheinland-Pfalz,99,,2500852,18560,2482292,462766,"18,6426899011075%",760535,"30,6384180426799%",256930,"10,3505147661919%",114036,"4,59398007970053%",498733,"20,091633055257%",161744,"6,5159135186352%"
211,Altötting,9,Christlich-Soziale Union in Bayern e.V.,137711,457,137254,11493,"8,37352645460242%",54393,"39,6294461363603%",10713,"7,80523700584318%",4887,"3,56055196934151%",33187,"24,1792588922727%",6212,"4,52591545601585%"
212,Erding - Ebersberg,9,Christlich-Soziale Union in Bayern e.V.,175170,439,174731,17630,"10,0897951708626%",70010,"40,0673034550252%",22730,"13,0085674551167%",8831,"5,0540545180878%",28849,"16,5105218879306%",8824,"5,05004836005059%"
213,Freising,9,Christlich-Soziale Union in Bayern e.V.,205009,579,204430,20234,"9,89776451597124%",78633,"38,4645110795871%",23759,"11,6220711245903%",8898,"4,35259012865039%",38981,"19,0681406838527%",10646,"5,20765054052732%"
214,Fürstenfeldbruck,9,Christlich-Soziale Union in Bayern e.V.,199419,523,198896,23134,"11,6312042474459%",78928,"39,6830504384201%",27778,"13,966092832435%",10015,"5,03529482744751%",29818,"14,9917544847559%",10605,"5,33193226610892%"
215,Ingolstadt,9,Christlich-Soziale Union in Bayern e.V.,196036,704,195332,19812,"10,142731349702%",78647,"40,2632441177073%",18024,"9,22736673970471%",7350,"3,76282431961993%",41850,"21,4250609219176%",9258,"4,73962279606004%"
216,München-Nord,9,Christlich-Soziale Union in Bayern e.V.,185755,523,185232,28582,"15,4303792001382%",53494,"28,8794592726959%",42281,"22,8259695948864%",12394,"6,69106849788374%",17688,"9,54910598600674%",16785,"9,06160922518787%"
217,München-Ost,9,Christlich-Soziale Union in Bayern e.V.,204779,588,204191,30928,"15,1466029354869%",63472,"31,0846217512035%",44955,"22,0161515443874%",12795,"6,26619194773521%",19672,"9,63411707665862%",17133,"8,39067343810452%"
218,München-Süd,9,-,181033,444,180589,28005,"15,5075890558118%",51845,"28,7088360863619%",43483,"24,0784322411664%",10046,"5,56290803980309%",16773,"9,2879411259822%",16846,"9,32836440757743%"
219,München-West/Mitte,9,Christlich-Soziale Union in Bayern e.V.,210770,447,210323,32280,"15,3478221592503%",60481,"28,7562463449076%",52687,"25,0505175373117%",12529,"5,9570279997908%",18815,"8,9457643719422%",18658,"8,87111728151462%"
220,München-Land,9,Christlich-Soziale Union in Bayern e.V.,205557,464,205093,26648,"12,993129945927%",80084,"39,0476515531978%",35335,"17,2287693875461%",12981,"6,32932377019206%",24069,"11,7356516312112%",10311,"5,02747534045531%"
221,Rosenheim,9,Christlich-Soziale Union in Bayern e.V.,201569,658,200911,19265,"9,58882291163749%",75528,"37,5927649556271%",25018,"12,452279865214%",9362,"4,65977472612251%",39370,"19,5957413979324%",10130,"5,04203353723788%"
222,Bad Tölz-Wolfratshausen - Miesbach,9,Christlich-Soziale Union in Bayern e.V.,141866,468,141398,12829,"9,072971329156%",59231,"41,8895599654875%",17584,"12,4358194599641%",7507,"5,30912742754494%",24280,"17,1713885627802%",5717,"4,04319721636798%"
223,Starnberg - Landsberg am Lech,9,Christlich-Soziale Union in Bayern e.V.,188348,634,187714,21598,"11,5058013786931%",72605,"38,6785215807026%",31552,"16,8085491758739%",10962,"5,83973491588267%",25281,"13,4678287181563%",9709,"5,17223009471856%"
224,Traunstein,9,Christlich-Soziale Union in Bayern e.V.,172572,548,172024,16925,"9,83874343114914%",66829,"38,8486490257173%",17677,"10,2758917360368%",5891,"3,42452215969865%",34619,"20,1245175091848%",7515,"4,36857647770079%"
225,Weilheim,9,Christlich-Soziale Union in Bayern e.V.,143715,388,143327,13888,"9,68973047646291%",59685,"41,642537693526%",17098,"11,9293643207491%",6760,"4,71648747270228%",24240,"16,9123751979739%",6870,"4,79323504992081%"
226,Deggendorf,9,Christlich-Soziale Union in Bayern e.V.,135617,381,135236,10912,"8,06885740483303%",52052,"38,4897512496673%",6856,"5,06965600875507%",4283,"3,16705610932%",39532,"29,2318613386968%",4179,"3,09015350942057%"
227,Landshut,9,Christlich-Soziale Union in Bayern e.V.,208264,633,207631,19652,"9,46486796287645%",75251,"36,2426612596385%",18059,"8,69764148898768%",7728,"3,72198756447737%",46439,"22,3661206659892%",9600,"4,62358703661785%"
228,Passau,9,Christlich-Soziale Union in Bayern e.V.,144127,406,143721,13904,"9,67429951085784%",55447,"38,5796091037496%",9821,"6,8333785598486%",4706,"3,27439970498396%",36665,"25,5112335705986%",5692,"3,96045115188455%"
229,Rottal-Inn,9,Christlich-Soziale Union in Bayern e.V.,142729,407,142322,10899,"7,65798681862256%",54707,"38,4388920897683%",7841,"5,50933798007336%",4272,"3,00164415901969%",37105,"26,071162575006%",4990,"3,50613397788114%"
230,Straubing,9,Christlich-Soziale Union in Bayern e.V.,141572,454,141118,11321,"8,02236426253207%",55427,"39,2770589152341%",7466,"5,29060786008872%",4279,"3,03221417537097%",39113,"27,7165209257501%",4934,"3,49636474439831%"
231,Amberg,9,Christlich-Soziale Union in Bayern e.V.,181998,670,181328,19333,"10,6618944674843%",72724,"40,1063266566664%",13961,"7,6993073325686%",5968,"3,29127327274332%",40019,"22,069950586782%",7977,"4,39921027089032%"
232,Regensburg,9,Christlich-Soziale Union in Bayern e.V.,212425,567,211858,23589,"11,1343447025838%",75587,"35,6781429070415%",28292,"13,3542278318496%",7406,"3,49573771110838%",39743,"18,7592632801216%",14778,"6,97542693691057%"
233,Schwandorf,9,Christlich-Soziale Union in Bayern e.V.,185064,557,184507,17112,"9,27444487201028%",72443,"39,2630089915288%",9172,"4,97108510788209%",4927,"2,67035939015864%",51974,"28,1691209547605%",6052,"3,28009235421962%"
234,Weiden,9,Christlich-Soziale Union in Bayern e.V.,136797,435,136362,15931,"11,6828735278157%",55094,"40,4027514996847%",7926,"5,812469749637%",4169,"3,05730335430692%",33124,"24,2912248280313%",5367,"3,93584723016676%"
235,Bamberg,9,Christlich-Soziale Union in Bayern e.V.,155528,474,155054,17554,"11,3212171243567%",57363,"36,9954983425129%",19474,"12,559495401602%",6095,"3,93088859365124%",29977,"19,3332645400957%",10111,"6,52095399022276%"
236,Bayreuth,9,Christlich-Soziale Union in Bayern e.V.,134080,399,133681,16404,"12,2710033587421%",51467,"38,4998616108497%",13155,"9,84059065985443%",4987,"3,73052266215842%",26682,"19,9594557192122%",7605,"5,68891615113591%"
237,Coburg,9,Christlich-Soziale Union in Bayern e.V.,128802,495,128307,18401,"14,3413843360066%",47709,"37,1834740115504%",9603,"7,48439290140055%",4135,"3,2227392114226%",28512,"22,2217026350862%",6965,"5,42838660400446%"
238,Hof,9,Christlich-Soziale Union in Bayern e.V.,129452,452,129000,17420,"13,5038759689923%",48966,"37,9581395348837%",7802,"6,04806201550388%",4031,"3,12480620155039%",31308,"24,2697674418605%",6848,"5,30852713178295%"
239,Kulmbach,9,Christlich-Soziale Union in Bayern e.V.,141537,462,141075,15327,"10,8644338118022%",56803,"40,2643983696615%",10176,"7,21318447634237%",4550,"3,22523480418217%",32988,"23,3833067517278%",6210,"4,40191387559809%"
240,Ansbach,9,Christlich-Soziale Union in Bayern e.V.,203889,707,203182,24614,"12,1142620901458%",75746,"37,2798771544723%",19216,"9,45753068677343%",6859,"3,37579116260299%",43681,"21,4984595092085%",10146,"4,99355257847644%"
241,Erlangen,9,Christlich-Soziale Union in Bayern e.V.,162266,467,161799,22444,"13,8715319624967%",54595,"33,7424829572494%",29142,"18,0112361633879%",6888,"4,2571338512599%",23505,"14,527283852187%",11552,"7,13972274241497%"
242,Fürth,9,Christlich-Soziale Union in Bayern e.V.,208331,822,207509,29393,"14,1646868328603%",71334,"34,3763403033122%",25808,"12,4370509230925%",8087,"3,89718036326135%",39098,"18,8415924128592%",14099,"6,7944040981355%"
243,Nürnberg-Nord,9,-,151378,635,150743,23568,"15,6345568285095%",41084,"27,2543335345588%",29683,"19,6911299363818%",6530,"4,33187610701658%",18303,"12,1418573333422%",19233,"12,7588014037136%"
244,Nürnberg-Süd,9,Christlich-Soziale Union in Bayern e.V.,136867,714,136153,20814,"15,2872136493504%",43914,"32,253420783971%",15262,"11,2094481943108%",4872,"3,57832732293817%",26901,"19,7579193994991%",11682,"8,58005332236528%"
245,Roth,9,Christlich-Soziale Union in Bayern e.V.,197174,630,196544,26319,"13,39089465972%",74208,"37,7564311299251%",23879,"12,1494423640508%",7482,"3,80678117876913%",35443,"18,0331121784435%",10626,"5,40642298925432%"
246,Aschaffenburg,9,Christlich-Soziale Union in Bayern e.V.,155319,742,154577,19697,"12,7425166745376%",58806,"38,0431758929207%",17251,"11,1601337844569%",6833,"4,42045064919102%",29410,"19,0261164338809%",9277,"6,00153968572297%"
247,Bad Kissingen,9,Christlich-Soziale Union in Bayern e.V.,180549,734,179815,17374,"9,66215276812279%",75099,"41,7645913855907%",13320,"7,40761338041876%",6462,"3,59369351833829%",41399,"23,023107082279%",8239,"4,58193142952479%"
248,Main-Spessart,9,Christlich-Soziale Union in Bayern e.V.,165485,598,164887,20525,"12,4479188777769%",67725,"41,0735837270373%",14699,"8,91458999193387%",5892,"3,57335629855598%",31911,"19,3532540467108%",8065,"4,89122853833231%"
249,Schweinfurt,9,Christlich-Soziale Union in Bayern e.V.,163493,656,162837,18705,"11,4869470697692%",64165,"39,4044351099566%",14828,"9,10603855389131%",5823,"3,57596860664345%",34401,"21,1260340094696%",8467,"5,19967820581318%"
250,Würzburg,9,Christlich-Soziale Union in Bayern e.V.,192414,559,191855,25877,"13,487790258268%",68556,"35,7332360376326%",31416,"16,3748664355894%",8492,"4,42625941466212%",25961,"13,5315733236038%",15639,"8,15146855698314%"
251,Augsburg-Stadt,9,-,148106,547,147559,19791,"13,4122622137586%",41917,"28,4069423078226%",24311,"16,4754437208168%",6076,"4,11767496391274%",25826,"17,5021516817002%",15568,"10,5503561287349%"
252,Augsburg-Land,9,Christlich-Soziale Union in Bayern e.V.,199572,640,198932,21263,"10,6885770011863%",79039,"39,7316671023264%",21838,"10,9776204934349%",7946,"3,99432972070858%",38629,"19,4181931514286%",9555,"4,80314881467034%"
253,Donau-Ries,9,Christlich-Soziale Union in Bayern e.V.,163307,543,162764,15226,"9,35464844805977%",67120,"41,2376201125556%",11852,"7,28170848590597%",6071,"3,72994028163476%",36832,"22,6290825981175%",6250,"3,83991546042122%"
254,Neu-Ulm,9,Christlich-Soziale Union in Bayern e.V.,178448,660,177788,19104,"10,7453821405269%",65849,"37,0379328188629%",15920,"8,95448511710577%",7349,"4,13357481944788%",41290,"23,2242896033478%",9318,"5,2410736382658%"
255,Memmingen - Unterallgäu,9,Christlich-Soziale Union in Bayern e.V.,134549,419,134130,12136,"9,04793856706181%",52441,"39,0971445612466%",11191,"8,34339819578021%",5528,"4,12137478565571%",31392,"23,4041601431447%",5944,"4,4315216580929%"
256,Oberallgäu,9,Christlich-Soziale Union in Bayern e.V.,191708,720,190988,20116,"10,5325989067376%",72528,"37,9751607430833%",23602,"12,357844471904%",8216,"4,30184095335833%",33444,"17,5110478145224%",10016,"5,24430854294511%"
257,Ostallgäu,9,Christlich-Soziale Union in Bayern e.V.,136863,448,136415,12772,"9,36260675145695%",54701,"40,0989627240406%",13673,"10,0230913022761%",5211,"3,8199611479676%",27434,"20,1106916394825%",6460,"4,73554960964703%"
909,Bayern,99,,7997019,25897,7971122,920748,"11,5510463897052%",2963732,"37,1808636224612%",957169,"12,0079582272107%",333361,"4,1821088674844%",1515533,"19,0127939328993%",456663,"5,72896764094189%"
258,Stuttgart I,8,BÜNDNIS 90/DIE GRÜNEN,162092,415,161677,24194,"14,9644043370424%",42315,"26,172553919234%",40810,"25,2416855829834%",11751,"7,26819522875857%",14422,"8,92025458166591%",17528,"10,8413689021939%"
259,Stuttgart II,8,-,139573,631,138942,22564,"16,2398698737603%",37214,"26,7838378604022%",24215,"17,4281354809921%",8085,"5,81897482402729%",19979,"14,3793813245815%",15095,"10,864245512516%"
260,Böblingen,8,Christlich Demokratische Union Deutschlands,204959,942,204017,29381,"14,4012508761525%",67755,"33,2104677551381%",28451,"13,9454065102418%",14312,"7,01510168270291%",35769,"17,5323624992035%",12167,"5,96371870971537%"
261,Esslingen,8,Christlich Demokratische Union Deutschlands,139385,583,138802,21533,"15,513465223844%",45134,"32,5168225241711%",20809,"14,9918589069322%",7966,"5,73911038745839%",22299,"16,0653304707425%",9942,"7,16272099825651%"
262,Nürtingen,8,Christlich Demokratische Union Deutschlands,173210,780,172430,24364,"14,1297917995708%",58091,"33,6896131763614%",23392,"13,5660847880299%",11503,"6,67111291538595%",31029,"17,995128457925%",9951,"5,77103752247289%"
263,Göppingen,8,Christlich Demokratische Union Deutschlands,143878,839,143039,20544,"14,3625165164745%",47870,"33,4663972762673%",13447,"9,40093261278393%",7925,"5,54044701095505%",33279,"23,2656827858137%",7797,"5,45096092674026%"
264,Waiblingen,8,Christlich Demokratische Union Deutschlands,184963,868,184095,26984,"14,6576495830957%",61351,"33,3257285640566%",23496,"12,7629756375784%",12485,"6,78182460142861%",34225,"18,5909448925826%",10731,"5,82905565061517%"
265,Ludwigsburg,8,Christlich Demokratische Union Deutschlands,179564,773,178791,27023,"15,1142954622996%",57281,"32,0379661168627%",26602,"14,878824996784%",11448,"6,40300686276155%",30184,"16,8822815466103%",12277,"6,86667673428752%"
266,Neckar-Zaber,8,Christlich Demokratische Union Deutschlands,195892,879,195013,28171,"14,4457036197587%",64629,"33,1408675319081%",23637,"12,1207304128443%",12296,"6,30522067759585%",39633,"20,323260500582%",10386,"5,32579879290099%"
267,Heilbronn,8,Christlich Demokratische Union Deutschlands,194706,1256,193450,27713,"14,3256655466529%",56936,"29,4318945463944%",18307,"9,46342724218144%",12027,"6,21711036443526%",49239,"25,4530886533988%",11923,"6,16334970276557%"
268,Schwäbisch Hall - Hohenlohe,8,Christlich Demokratische Union Deutschlands,186104,1092,185012,24445,"13,2126564763367%",58817,"31,7909108598361%",18083,"9,77396060796057%",10582,"5,71962899703803%",46423,"25,0918859317233%",9845,"5,32127645774328%"
269,Backnang - Schwäbisch Gmünd,8,Christlich Demokratische Union Deutschlands,146412,727,145685,20169,"13,8442530116347%",47465,"32,5805676631088%",15531,"10,6606719978035%",7846,"5,38559220235439%",33898,"23,268009747057%",8422,"5,78096578233861%"
270,Aalen - Heidenheim,8,Christlich Demokratische Union Deutschlands,180562,1009,179553,25288,"14,0838638173687%",62269,"34,680010915997%",16827,"9,37160615528563%",8745,"4,87042823010476%",41365,"23,0377660078083%",9696,"5,40007685752953%"
271,Karlsruhe-Stadt,8,BÜNDNIS 90/DIE GRÜNEN,168556,712,167844,26164,"15,588284359286%",37646,"22,4291604108577%",40424,"24,0842687257215%",8657,"5,1577655441958%",22677,"13,5107599914206%",18801,"11,2014727961679%"
272,Karlsruhe-Land,8,Christlich Demokratische Union Deutschlands,176250,848,175402,26361,"15,0289050295892%",58135,"33,1438638099908%",23378,"13,3282402709205%",9721,"5,54212608750185%",33393,"19,037981322904%",9790,"5,58146429345161%"
273,Rastatt,8,Christlich Demokratische Union Deutschlands,163983,1050,162933,23552,"14,45502138916%",54349,"33,3566558033057%",17673,"10,8467897847582%",8032,"4,92963365309667%",36771,"22,5681721934783%",8737,"5,36232684600419%"
274,Heidelberg,8,-,186540,799,185741,31556,"16,9892484696432%",48787,"26,2661447930182%",40599,"21,8578558315073%",10535,"5,67187643008275%",22414,"12,0673410824751%",18830,"10,1377724896496%"
275,Mannheim,8,-,153137,874,152263,27685,"18,1823555295771%",35226,"23,1349704130353%",24375,"16,0084853181666%",7836,"5,14635860320629%",26730,"17,555151284291%",17209,"11,3021548242186%"
276,Odenwald - Tauber,8,Christlich Demokratische Union Deutschlands,171412,1079,170333,22572,"13,2516893379439%",61951,"36,3705212730358%",14283,"8,38533930594776%",8157,"4,78885477270993%",40149,"23,5708876142615%",8330,"4,89042052919869%"
277,Rhein-Neckar,8,-,163944,928,163016,25577,"15,6898709329146%",50684,"31,0914266084311%",20053,"12,3012465034107%",9194,"5,63993718408009%",33689,"20,6660695882613%",10194,"6,25337390194828%"
278,Bruchsal - Schwetzingen,8,Christlich Demokratische Union Deutschlands,162110,973,161137,23130,"14,3542451454353%",51746,"32,113046662157%",17612,"10,9298298962994%",8450,"5,24398493207643%",36132,"22,4231554515723%",9271,"5,75348926689711%"
279,Pforzheim,8,Christlich Demokratische Union Deutschlands,174317,979,173338,22823,"13,166760894899%",52835,"30,4809101293427%",18236,"10,5204859869157%",10769,"6,2127173499175%",43959,"25,3602787617256%",9320,"5,37677831750684%"
280,Calw,8,Christlich Demokratische Union Deutschlands,163676,868,162808,19865,"12,2014888703258%",55072,"33,8263475996266%",14354,"8,8165200727237%",9667,"5,93766891061864%",41608,"25,5564837108742%",7650,"4,6987863004275%"
281,Freiburg,8,BÜNDNIS 90/DIE GRÜNEN,196060,795,195265,29933,"15,329424115945%",43343,"22,1970143138811%",51966,"26,6130642972371%",8284,"4,24243976134996%",20285,"10,3884464701815%",27165,"13,9118633651704%"
282,Lörrach - Müllheim,8,-,187831,1052,186779,29798,"15,9536136289412%",54618,"29,2420454119574%",28450,"15,2319050856895%",9156,"4,90205001632946%",33960,"18,1819155258353%",12651,"6,77324538625863%"
283,Emmendingen - Lahr,8,Christlich Demokratische Union Deutschlands,182330,1021,181309,28144,"15,5226712408099%",58417,"32,2195809364124%",23990,"13,2315549696926%",8496,"4,6859229271575%",35303,"19,4711790368928%",10694,"5,89821795939529%"
284,Offenburg,8,Christlich Demokratische Union Deutschlands,167895,1094,166801,22195,"13,3062751422354%",56002,"33,5741392437695%",18512,"11,0982548066259%",8781,"5,26435692831578%",36359,"21,7978309482557%",9490,"5,68941433204837%"
285,Rottweil - Tuttlingen,8,Christlich Demokratische Union Deutschlands,161406,1145,160261,17306,"10,7986347271014%",55063,"34,3583279774867%",12443,"7,76420963303611%",9737,"6,07571399155128%",43400,"27,080824405189%",7540,"4,70482525380473%"
286,Schwarzwald-Baar,8,Christlich Demokratische Union Deutschlands,131136,905,130231,16814,"12,9109044697499%",44340,"34,0471930646313%",12895,"9,90163632314887%",6873,"5,2775452849168%",30951,"23,7662307745468%",6591,"5,06100697990494%"
287,Konstanz,8,Christlich Demokratische Union Deutschlands,170740,794,169946,22599,"13,2977534040225%",51150,"30,0977957704212%",28614,"16,8371129652949%",9833,"5,78595553881821%",31134,"18,3199369211397%",12660,"7,44942511150601%"
288,Waldshut,8,Christlich Demokratische Union Deutschlands,145432,761,144671,20751,"14,3435795701972%",48694,"33,6584388025244%",19776,"13,6696366237878%",7212,"4,98510413282551%",27608,"19,0832993481762%",8199,"5,6673417616523%"
289,Reutlingen,8,Christlich Demokratische Union Deutschlands,165466,812,164654,21626,"13,1342087043133%",53652,"32,5846927496447%",20122,"12,2207781165353%",10605,"6,44077884533628%",34595,"21,0107255213964%",9970,"6,05512164903373%"
290,Tübingen,8,-,172209,732,171477,23886,"13,9295648979163%",48875,"28,5023647486252%",32947,"19,2136554756615%",8579,"5,00300331822927%",27676,"16,1397738472215%",16466,"9,60245397341918%"
291,Ulm,8,Christlich Demokratische Union Deutschlands,190052,932,189120,25474,"13,4697546531303%",64118,"33,9033417935702%",25669,"13,5728637901861%",9748,"5,15439932318105%",36440,"19,2681895093063%",12210,"6,45621827411168%"
292,Biberach,8,Christlich Demokratische Union Deutschlands,144530,788,143742,14951,"10,4012745057116%",55024,"38,2796955656663%",14064,"9,7841966857286%",7298,"5,07715211977014%",33315,"23,1769420211212%",6496,"4,51920802549011%"
293,Bodensee,8,Christlich Demokratische Union Deutschlands,145122,770,144352,18778,"13,0084792728885%",50583,"35,0414265129683%",19560,"13,5502105963201%",8286,"5,74013522500554%",27287,"18,9030979827089%",8004,"5,54477942806473%"
294,Ravensburg,8,Christlich Demokratische Union Deutschlands,157997,761,157236,18446,"11,7314101096441%",55057,"35,0155180747412%",20841,"13,2545981836221%",8525,"5,42178635935791%",29900,"19,0160014246101%",10188,"6,47943219110127%"
295,Zollernalb - Sigmaringen,8,Christlich Demokratische Union Deutschlands,148786,865,147921,16343,"11,0484650590518%",54043,"36,5350423536888%",11151,"7,53848337964184%",8083,"5,46440329635414%",38788,"26,2221050425565%",7256,"4,90532108355136%"
908,Baden-Württemberg,99,,6382217,33131,6349086,898702,"14,1548248047042%",2006537,"31,6035567954191%",865594,"13,6333639204131%",357485,"5,63049547604175%",1256267,"19,7865803046297%",429472,"6,76431221753808%"
296,Saarbrücken,10,Sozialdemokratische Partei Deutschlands,148757,1271,147486,32526,"22,0536186485497%",33745,"22,8801377757889%",14614,"9,90873710047055%",6455,"4,37668660076211%",29591,"20,0635992568786%",14566,"9,8761916385284%"
297,Saarlouis,10,Christlich Demokratische Union Deutschlands,164763,1637,163126,34687,"21,2639309490823%",46087,"28,2523938550568%",10185,"6,2436398857325%",7259,"4,44993440653237%",35420,"21,7132768534752%",11036,"6,76532251143288%"
298,St. Wendel,10,Christlich Demokratische Union Deutschlands,143180,1443,141737,31470,"22,2030944636898%",42958,"30,3082469644482%",8744,"6,16917248142687%",5753,"4,05892603907237%",29390,"20,7355877434968%",8583,"6,05558181702731%"
299,Homburg,10,Sozialdemokratische Partei Deutschlands,148003,1340,146663,32333,"22,0457784171877%",38206,"26,0501967094632%",9652,"6,58107361774954%",6222,"4,2423787867424%",34800,"23,7278659239208%",9813,"6,69084908940905%"
910,Saarland,99,,604703,5691,599012,131016,"21,8720159195475%",160996,"26,8769240015225%",43195,"7,21104084726183%",25689,"4,28856183181639%",129201,"21,5690169812959%",43998,"7,34509492297316%"
999,Bundesgebiet,,,49927315,285228,49642087,8148284,"16,4140641387619%",14158432,"28,521024911785%",5761476,"11,6060309873757%",2148878,"4,3287422625886%",10327148,"20,8032107916817%",4355382,"8,77356747712883%"
