Wahlkreisnummer,% SPD,% CDU,% Grüne,% FDP,% AfD,% Linke
1,"15,9216843290468%","24,8557384056422%","15,9456627693013%","3,6827756608406%","15,2560219767618%","8,28507237840064%"
2,"17,4211903204709%","29,6272073250491%","12,2714192282538%","4,98168737737083%","16,0654022236756%","6,17200784826684%"
3,"17,5926624637274%","29,2321517997407%","11,0303146716425%","5,10869788915491%","20,3600167385831%","6,64329667766565%"
4,"17,7213567458607%","29,2642997797793%","14,696526572131%","4,63512112137772%","16,0201810703424%","6,3427053353996%"
5,"19,294785453146%","19,7481720223206%","22,9393159515105%","3,94879257263806%","10,753198960939%","13,6972051183375%"
6,"19,1665206266868%","28,6109845431285%","13,9896954190179%","4,31110020679261%","18,0035750587081%","6,76947881251972%"
7,"20,2346305922967%","28,8681934046525%","14,5349537362262%","5,06091564137045%","15,6042390060815%","7,5587580033318%"
8,"19,1320168542261%","29,0146358147555%","13,6852706034364%","5,21302924787778%","17,2014764074086%","7,0718394763219%"
9,"19,6745138041616%","31,1492022854705%","12,7307638458308%","5,1043062583755%","17,6637264902561%","5,95702408811195%"
10,"19,2557595783636%","29,7169606237591%","13,938445336541%","5,35789336386429%","17,178494997657%","6,88540745786293%"
11,"21,1197861714848%","22,5342899345854%","17,8968840120982%","3,9016670183583%","15,6530913694872%","10,4951818245762%"
901,"18,7582775644892%","27,5715101788114%","14,8893505708794%","4,68894441838175%","16,286044970379%","7,78678802307559%"
12,"14,489496537965%","18,8997770214764%","5,5709423776552%","3,29362750850839%","32,2585377303133%","11,4763525407816%"
13,"14,2274135404364%","18,4339889811591%","4,78843454548827%","3,04285723119161%","34,7730378486672%","10,721418722136%"
14,"14,2597118058482%","16,8012134490604%","8,95087216651218%","3,40271340692677%","25,6239993258616%","17,268616050111%"
15,"10,3468770261509%","17,6545277717744%","6,19515885022693%","3,35206397233629%","35,4695266911606%","12,542684244651%"
16,"9,77355278773421%","17,309006341481%","2,82969107757226%","3,14796389311788%","42,8499502511418%","9,48464978002613%"
17,"11,4112302791548%","17,8953122349349%","3,36958638845431%","2,91029724991989%","39,8318662469606%","10,2897102897103%"
913,"12,4069622267375%","17,8181106024627%","5,35836862591496%","3,19998041567725%","34,9928762025998%","12,0493524933291%"
18,"22,1964403287811%","15,7105537030351%","20,2668691459763%","4,1124184949982%","10,5202514708069%","18,982435273878%"
19,"20,5509345646605%","19,5218065087447%","23,6895537493279%","4,6661817261773%","7,33483032353964%","17,9986716847465%"
20,"22,3489278161867%","20,1942594690888%","23,9637172270461%","4,90738440470925%","7,54376291377085%","14,5367402461266%"
21,"22,5244716498245%","26,0869106356033%","21,0712118413762%","5,85208833540012%","8,32801245349727%","10,1923432099417%"
22,"24,8800831870479%","22,3201806858459%","14,5107729463198%","4,1062423829064%","14,1250265550052%","11,4538725583372%"
23,"23,7526207991468%","20,3858785888284%","12,5459018578891%","3,28554288415159%","17,3039399852145%","13,8953861815714%"
902,"22,7362473190419%","20,7472898516465%","19,3096933682596%","4,50563659176414%","10,8590646291545%","14,444872993648%"
24,"28,6297960371077%","23,2776287293532%","8,24126450528493%","3,26599217765136%","20,9962181206969%","7,55212205449785%"
25,"21,7483673386606%","32,7764369447937%","7,23390662394029%","3,91280980002434%","20,8777836368799%","6,56867318379102%"
26,"25,4903138008325%","26,4289145052834%","8,38670082185932%","3,97654498879283%","20,1982602198741%","7,26865193723983%"
27,"23,8242891381658%","23,8501716007268%","16,4907521961269%","4,42848934419016%","12,8993016911601%","11,2324711022306%"
28,"23,8128867183468%","26,1303447938679%","10,0146131322624%","4,91468429658683%","19,5321624719553%","7,39511410737664%"
29,"23,9915019302018%","29,7717439179211%","8,84524703992538%","3,77166619167293%","20,0358836178978%","6,01082985724279%"
30,"21,992040494884%","30,6873790143199%","10,9431171922906%","4,02363804691539%","18,3345156364598%","7,08720587704849%"
31,"21,2301247646188%","39,2761839548068%","8,68820929038235%","4,49162697493631%","14,3408823144391%","6,34849507084093%"
32,"15,6050425133072%","39,5408670243908%","7,13138572433759%","4,52902345617343%","20,6024374654227%","6,18658588332608%"
33,"22,8246248070569%","30,4245677764898%","10,2642622910171%","4,57236373103889%","17,5716136551014%","6,80771400410372%"
34,"22,9807430696212%","28,0062879772665%","12,3643399135403%","4,19722482541794%","17,6426131382448%","7,2916351763959%"
35,"24,7846164946966%","28,0922144454867%","9,23226784039253%","3,69290713615701%","19,8181686990403%","7,05462154556606%"
36,"20,4856990523365%","30,4014814050416%","12,9003778041495%","4,86043031835303%","16,8114247057542%","7,05043312751893%"
37,"21,0171580552042%","24,064740034381%","16,6079595212611%","3,65022217897571%","16,2284713437774%","10,336349777821%"
38,"22,2340725117887%","32,0640874311701%","9,85278345326758%","4,30744710809661%","18,0985877517271%","6,53097419366436%"
39,"24,4641702720175%","26,2724402009051%","15,9567855189219%","4,13372121935452%","11,5271768859715%","11,0671838480282%"
40,"24,3119910137602%","27,3844170432208%","9,92443389242041%","3,78851701513875%","20,582190906538%","6,53225600571852%"
41,"23,6709197235513%","21,4016900304989%","18,0153333892946%","4,32090993032821%","12,8808864265928%","11,9050616973055%"
42,"22,0591394452518%","18,7559234220004%","21,2611360333607%","3,87691918872812%","10,3689897011436%","16,4908068490554%"
43,"22,7025302886903%","29,7527229754815%","11,3745339698708%","4,5643500677149%","17,3846885899092%","6,90639657399225%"
44,"20,8813383925492%","29,6832241002645%","10,2259399793032%","4,31413130964701%","20,3374726917328%","7,00816373462113%"
45,"23,8874764208972%","27,4430684272397%","9,52295032669018%","3,72290111812789%","21,317149183958%","6,48951584242325%"
46,"24,6246726089162%","26,9936988071502%","9,39760040572179%","3,93702975524694%","21,1996581932875%","6,65203104049576%"
47,"24,1395966056711%","27,4525754902609%","12,1999583081233%","3,98615016193735%","17,4582191467402%","7,42420467660832%"
48,"24,2431483662473%","26,8973207935776%","11,5514818418193%","3,71811721599217%","18,0591826400624%","8,39150892405027%"
49,"24,3699439459763%","26,5358108917571%","8,71643221498515%","3,54294217418993%","21,3345775771295%","7,79144624425431%"
50,"22,6404839701077%","22,6171912911261%","17,9793600983469%","3,97398984180389%","13,3428229432888%","11,6327520947236%"
51,"23,1942829594759%","27,7266539999433%","8,42100785525905%","3,78229305504353%","21,9557326376088%","6,66846269460908%"
52,"24,8699971541666%","27,9480247328797%","8,70760354953044%","3,95570848317078%","20,0029751895066%","6,93025120947921%"
53,"21,958230972301%","25,647809330745%","15,6848597295951%","3,95757815229031%","14,468552972908%","11,125999988547%"
903,"23,0009786385452%","28,1221213212518%","11,4996712931696%","4,09086873374547%","17,8380966727287%","8,08507072434216%"
54,"21,9067177849215%","21,2570756299052%","18,4840995051574%","3,82716113086239%","11,7606385997864%","15,9102988147514%"
55,"24,6958739859769%","19,6628231440059%","11,9552761574269%","3,15747220945364%","19,229698496041%","13,3543529350831%"
904,"23,1437612344871%","20,5499945442746%","15,5884430508416%","3,53014144685836%","15,0733077201385%","14,7766885469968%"
56,"15,9058028646958%","17,3608744063444%","4,37960627475932%","2,5412623749252%","36,5676672650563%","9,77496004423539%"
57,"13,8268314810615%","16,0892492628714%","4,84307666137446%","2,6543717396235%","35,9796722612837%","10,9718757087775%"
58,"15,3777964179161%","21,7231748815663%","8,39759415123295%","3,6121093117023%","29,3320052234751%","9,34220434463498%"
59,"13,1027723618772%","16,8901377318556%","5,80329680641428%","2,89434997028495%","33,8298005442546%","11,2802493978793%"
60,"17,2077373842238%","18,3472066742131%","6,00566607671092%","2,89370164916604%","31,4104528483605%","10,774926672462%"
61,"17,0512037027761%","19,1665748319425%","14,5841890659908%","4,30738250999329%","18,5073684843263%","14,7309576525041%"
62,"14,7011462539818%","19,604203767338%","6,2369259324287%","3,49645087662093%","32,1001279189345%","10,2340164037222%"
63,"13,5655577825906%","16,6379693027886%","4,75255249599806%","3,14572431698032%","35,4228601407068%","10,6074873215943%"
64,"13,9632577890747%","15,9297423174685%","4,01439856318778%","3,23358852985495%","39,0503949711572%","9,24186846471134%"
65,"12,501966542556%","16,5107167204813%","2,79586164530315%","3,08054209150229%","40,9490347085397%","8,7239573578658%"
912,"14,8114308332838%","18,0905831371411%","6,59248394542477%","3,24582289639229%","32,4964151156452%","10,6983755404646%"
66,"11,6609469192387%","19,283262965388%","3,33984330902441%","3,0305253889052%","37,3535255469509%","10,5258404642027%"
67,"10,4021542923091%","19,1477524931199%","2,64137543278194%","2,92427425798242%","41,5222087414553%","9,08117065664487%"
68,"11,5172454408041%","19,5670808713348%","3,83319264770355%","2,7338816801136%","36,9643312852123%","10,1339458065867%"
69,"12,622020562377%","18,5909980430528%","7,08368691154483%","3,01970224385063%","30,3811717437612%","13,4065312389958%"
70,"10,5022283167638%","21,4712604273797%","3,90183978973832%","2,92080905039424%","37,4551479830876%","9,51548394469204%"
71,"12,0708671473187%","18,0720513624279%","8,81137310902906%","3,51723497381956%","28,6429127047705%","15,3466151184796%"
72,"9,07007413287582%","18,8142580950796%","2,93394619924971%","3,28220426872207%","42,3376822913332%","8,65779803592692%"
73,"9,58472778111139%","18,441352774152%","2,45835214935696%","3,23532504809685%","43,0650838524494%","8,96055130433707%"
915,"10,9575376534966%","19,1826824573814%","4,41732232828794%","3,08428909630113%","37,0964147859236%","10,7530250664386%"
74,"15,0257168414252%","13,4653133230632%","21,6915966804154%","3,98921631963425%","8,87727972966258%","27,0921333797148%"
75,"13,1452508327445%","14,4478651458565%","19,5927122236802%","3,30826688200262%","15,689411527203%","21,7936812354901%"
76,"17,2830784262147%","26,4304235090752%","12,8322873999474%","4,49889143587238%","17,3747698320244%","11,8214272293413%"
77,"18,3902128819308%","23,7970505405324%","11,0725857735518%","3,94043545407746%","19,1548314810889%","12,9076704115314%"
78,"18,2160651354964%","26,7882985892465%","19,8019200388869%","5,94018935251163%","10,3160662402369%","11,4423491200742%"
79,"17,9066873835449%","23,1102554737748%","21,7409606111066%","6,39767739858737%","8,86946509598064%","14,5249252521001%"
80,"17,7005353353655%","20,9303202317991%","19,8698822693049%","3,86744794752205%","11,3018235870701%","17,283146091621%"
81,"15,7420163667925%","18,0372248091919%","15,3335353924999%","2,7780839280302%","13,0011296944314%","25,2714021987711%"
82,"13,399022982125%","9,28222493616076%","25,8809814588653%","2,78117020095481%","7,21438880870434%","31,6731431109137%"
83,"12,6807794623866%","15,320263296659%","11,9834343506159%","2,93216733912776%","21,5720777566461%","21,6899806260109%"
84,"10,8936703403304%","16,5031931233327%","6,00293713454232%","2,56123521327908%","31,1861712160815%","16,6702594917949%"
85,"11,8784422989697%","13,7568845979395%","10,8196721311475%","2,51279725264045%","22,4441132637854%","23,4555821939999%"
911,"15,1426157497772%","18,266706815793%","16,826827140057%","3,80168451917745%","15,235413581314%","19,8595567146592%"
86,"17,6278464723326%","23,904772561965%","24,3167067643932%","4,80473339674369%","9,71507301516254%","12,8671739495328%"
87,"20,9444972480714%","31,547158550872%","9,39523883203289%","4,19917773700847%","19,1076678234345%","6,79858977476183%"
88,"17,0874109963918%","35,2329314952606%","8,72956361795261%","4,17603968391302%","20,130357039857%","6,31597162138778%"
89,"18,5449672314725%","33,3394525728343%","8,47086324111639%","4,28713919434093%","20,5098550352162%","6,42397762806038%"
90,"19,7120870050737%","31,6301313329935%","11,5674993324108%","4,9974510232321%","16,7018668220329%","7,19491175685189%"
91,"17,6853969607691%","33,7935144983718%","10,9086680105443%","4,7996782446891%","18,3560435726469%","6,28004341758412%"
92,"19,5588341555379%","22,2908305032417%","17,9153008874554%","4,20999389094349%","12,3843056367542%","14,9218631965474%"
93,"17,7243000920901%","24,9746401709042%","25,7501601058335%","6,04568976397829%","6,28456299288055%","13,4451503124985%"
94,"19,8962893444132%","19,3177430755615%","21,8404186441584%","3,39465290193819%","11,2026515714006%","16,3359132299395%"
95,"17,6781016329983%","26,1596259723008%","22,9024507947051%","5,18646899793994%","8,91792458215066%","12,4506390331737%"
96,"17,910568203597%","31,9456913160576%","12,489786860607%","4,99157731220432%","17,3784762500378%","6,7825332620515%"
97,"16,6409734527839%","34,9557546398653%","14,7027359158214%","5,62928258329265%","14,2825010012124%","6,52187031967478%"
98,"17,7744696246301%","31,6718760193824%","9,50850201948911%","4,60894268921219%","21,1859531336184%","6,2856227795999%"
99,"18,4922322158626%","33,7786862905424%","15,0351594439902%","5,55955301171981%","13,2679204142818%","6,52602889070592%"
100,"21,2195893728626%","24,6145046064722%","14,2119098908321%","3,90546082977351%","15,4514586147724%","11,6451860235861%"
101,"20,219003560124%","23,538276268253%","12,5762531175762%","4,13395542277295%","17,913148768434%","12,2287955462257%"
102,"20,0961956364269%","28,4698519398488%","11,1969402833715%","4,73502738098688%","18,2765914293165%","8,42581056413525%"
103,"18,8845371830935%","32,1029934804383%","12,7728229642114%","5,6486873909158%","15,5521834833772%","6,90101901888694%"
104,"19,4380969348629%","32,0340519144519%","11,2450328047902%","5,27975088499345%","16,8330790026104%","7,09389064037119%"
105,"17,2104356413325%","30,3081208439108%","18,2741797845677%","7,80901982041938%","9,94777885714592%","9,51627013304852%"
106,"18,879309774446%","25,1470500664951%","17,0571460708355%","5,44928840339026%","12,9734879812623%","11,7706217455455%"
107,"18,618198291333%","32,871803509098%","10,7090793990045%","5,23809247245631%","16,9281163426859%","7,42300253802684%"
108,"18,7170695591544%","30,5673560045716%","9,95047405458636%","4,54646741279049%","18,06151568082%","9,49259267246027%"
109,"18,1158266153733%","34,0790473156747%","12,2558868932396%","6,19073289064223%","14,6320844870256%","7,0299674107471%"
110,"18,2133151438378%","34,770086941458%","11,4144498218945%","5,43465315446996%","15,868169465467%","6,4285791622005%"
111,"18,7539985439785%","36,5180127512189%","10,4712215138212%","4,46733878973725%","16,0476736746895%","6,41145844823402%"
112,"23,1786750997097%","31,4840818445708%","9,49425341609044%","4,25034809902532%","17,348901423076%","6,57848158025158%"
113,"22,3813658445575%","28,8596912964544%","10,9911952754436%","4,80923096794564%","16,5998119936566%","8,04552336804036%"
114,"25,7054185008076%","22,9549988915983%","10,664407638471%","3,34737308800709%","17,312442600627%","10,4102669664629%"
115,"25,2348000252619%","19,5869684858218%","6,74672272395096%","2,66512689576774%","24,5689694060755%","11,0583819774628%"
116,"25,1740798635782%","24,9383130724611%","8,888085056907%","3,38922836435981%","20,3896288449365%","8,24796207061377%"
117,"23,6117247473353%","28,0885845253217%","10,9950571602143%","4,27251891533661%","17,0479648754625%","7,84227094493842%"
118,"23,1530180021179%","22,3058595128839%","8,97811507236146%","2,9650547123191%","21,9828803388634%","10,6530180021179%"
119,"21,1372481575612%","29,5471772626805%","16,1261967094074%","4,91104698935621%","12,1852566674947%","9,03097590338423%"
120,"23,2920271218144%","27,3797833372301%","9,70072480710779%","3,57025952770634%","20,1652248460759%","7,49902579689814%"
121,"23,3834986560424%","28,7716090652331%","8,75346222592133%","3,52771827373075%","20,9609638291195%","6,63246510485599%"
122,"24,0950597818946%","22,7179411378268%","6,52345289712259%","3,02358428590198%","24,6616738930495%","9,43125082117987%"
123,"18,5831212108567%","38,8067887140907%","10,4745780898843%","4,21463019153616%","14,8310869215316%","6,34042527824309%"
124,"23,1120596292285%","29,2737465757788%","8,3863158565331%","3,45416321590113%","20,8766006243231%","6,69682104860802%"
125,"17,3781606584305%","42,3727727587794%","10,6604691258788%","4,40992305496823%","13,2973363389076%","5,45080701999639%"
126,"17,8965315147317%","40,1903848544586%","13,5217054125893%","4,28069926178509%","12,5946448339756%","5,4587647480183%"
127,"22,1509724980113%","33,1238348544745%","12,0859368832699%","3,99079421176956%","15,1561522719958%","6,44344451933762%"
128,"18,0660447923252%","25,7273565193053%","26,6133585557588%","4,64668497222799%","6,85734691612418%","12,5116420474561%"
129,"18,597937437117%","36,6390743620232%","11,2703512302204%","4,07767767309979%","15,9808606969725%","6,25743162901308%"
130,"18,1129847260034%","33,3948194867561%","11,5947557362401%","4,42961577250472%","18,3465624363148%","6,39595340986879%"
131,"20,3383514301321%","23,3374682859345%","16,5260272294286%","4,16966578352247%","14,3661526052754%","13,1756946465126%"
132,"21,4927489669078%","27,7677453663184%","9,69832600290263%","4,12572150271983%","21,2883462769906%","7,12030400053178%"
133,"22,1459836015042%","27,4915233339498%","9,48091979532705%","4,18284939276247%","21,7508168423648%","6,63399297207324%"
134,"20,9125747842629%","27,1313170301343%","10,6117835185134%","4,2529844779576%","21,789859667503%","6,79551156571366%"
135,"16,9993606592314%","36,4232435888329%","8,33700362293102%","4,31626056688215%","20,6464445549478%","5,61483270583221%"
136,"13,7526663599481%","37,3201514074198%","11,5008992429629%","4,20814337697102%","18,9426575766448%","7,084675226902%"
137,"21,4065637899116%","28,3772380273306%","8,79707461944541%","3,85755123667977%","20,8760441947027%","7,80602999954209%"
138,"23,7466646954048%","27,3188727198485%","12,5407452777719%","4,07417576615203%","16,7648777465661%","7,50417133081293%"
139,"24,2020867790191%","23,5282182448676%","14,8939702292752%","3,65340039227019%","13,8235276034013%","12,0829055046943%"
140,"25,8525651288854%","22,7503183062297%","8,9346843240853%","2,96806263961636%","20,9304453237575%","9,58806980627159%"
141,"23,0165050609441%","22,0955044226268%","15,3074561536825%","3,59463813489772%","15,7165871303079%","11,8295388917596%"
142,"24,4699589014287%","23,5018592210842%","11,2799269358732%","3,52599647726531%","18,0031313197208%","10,1617848522409%"
143,"24,6883287005975%","27,3772324994409%","10,3996932809355%","3,47359340554011%","18,7935716796064%","7,20086903734944%"
144,"23,1475130542526%","28,3553854323392%","8,17328967165236%","3,37363926011151%","21,07266129746%","7,49236658111337%"
145,"18,3854537777426%","35,0249386430211%","10,0493494840736%","4,05404692159502%","18,9074499247882%","6,11036339165545%"
146,"16,3678113313274%","43,6192761691294%","7,3247980899246%","3,83659597276194%","16,6827057777345%","5,34406938641264%"
147,"19,9227323561249%","31,5571343990527%","8,57479472044303%","3,963854052664%","20,2767760494226%","7,23576798177154%"
148,"16,4429137375467%","38,8874170553334%","7,21903553143118%","3,95300264313924%","20,5098979095172%","5,48343571133716%"
149,"18,2640358602921%","34,0363861028223%","7,51580718520369%","3,96132662048296%","21,3439722371932%","6,76061151788414%"
905,"20,0310443788497%","30,1238402417274%","12,3595599557155%","4,39542649300841%","16,8144891249192%","8,33263582604545%"
150,"8,37881576442216%","20,760614330139%","3,41752871739544%","3,18271244526242%","42,7659135622263%","7,997239322206%"
151,"10,0845387528485%","17,4334537386676%","10,7905766887258%","3,18372833933538%","25,294410168695%","21,0461602356374%"
152,"11,2329047789786%","15,7516775085796%","16,2459662961635%","3,13937407160785%","18,6569687035804%","23,9164062900169%"
153,"8,82437162876862%","22,2637143007416%","4,59860796998545%","3,41871351180771%","38,4760134878475%","8,75716614947667%"
154,"7,05654194242118%","19,9580127753811%","4,56291043152114%","3,78845095303319%","43,6225502118563%","7,8316414700649%"
155,"6,45894291228289%","20,039843117724%","2,92037601942352%","3,1139886696134%","46,0150656788894%","7,76255992031377%"
156,"6,37545961256123%","19,7526212532644%","3,35143632985565%","2,9129367131368%","46,6784466069874%","7,73058583548794%"
157,"5,96235031395648%","19,3329444162166%","3,96319087675718%","3,24306692510836%","46,5282874473864%","7,34927893511984%"
158,"9,90981691747705%","19,8755908078448%","12,2475145325148%","3,84744933992503%","27,3738251752051%","13,8230021187592%"
159,"8,49347167648985%","18,0634004584152%","13,0551121480026%","3,55425261951539%","28,6008104125737%","15,8613703339882%"
160,"7,55664944469306%","20,6141599880667%","3,50677352426671%","3,17047041753116%","43,459718210542%","8,00075939411198%"
161,"11,0978603025807%","19,4278424139892%","6,63611276746218%","3,13535700913844%","32,6536130794725%","12,2328845007142%"
162,"8,54770234255461%","21,2180421961539%","3,24911821962976%","3,17225426882269%","41,1193402630615%","7,8042052482993%"
163,"6,59578911163522%","20,6275795990566%","2,2393376572327%","2,94627063679245%","46,1588541666667%","6,97658706761006%"
164,"8,92512794507203%","21,2225343466628%","3,27619454323442%","3,04999699737771%","40,5627581421108%","8,54012504253715%"
165,"8,79986924203016%","21,6084651572649%","3,1524040989781%","2,9079435466678%","40,6060347645646%","7,7722821529584%"
914,"8,45137680519237%","19,7382877278248%","6,50937569445445%","3,24951166839141%","37,2981825385304%","11,3035291810001%"
166,"22,8592562705938%","28,7660547374084%","8,55221572187479%","3,98157487727792%","21,0873512204963%","6,12937932889517%"
167,"22,3338498672181%","22,4571267274602%","14,5305398259146%","3,5934628700466%","15,7604281278623%","12,2896660579632%"
168,"22,1947645811009%","28,4157427048935%","7,25100414780473%","3,82487370700024%","23,2218747494187%","6,25086564465925%"
169,"22,4012627840442%","27,4135946594758%","7,81018777335657%","4,0573514420073%","23,7488901312112%","5,6726626985432%"
170,"20,5468321651991%","26,2892965431593%","12,9454819297006%","3,90405665175947%","18,1806171183966%","10,5733216189614%"
171,"18,8745461389938%","30,1564074852154%","8,79913538719353%","4,06744465627998%","22,7586248770477%","6,63760337101847%"
172,"18,7490831951074%","26,5602608803584%","12,3698137052458%","4,18063031041603%","19,1355517190797%","9,79373300384776%"
173,"12,8389815870384%","37,5669326700522%","7,59721790398544%","4,90378968459599%","23,5787243352794%","5,23082414988312%"
174,"16,306378069549%","30,5409822556721%","8,80349392957205%","4,65376586276987%","24,837252101302%","5,73806515409548%"
175,"16,6455729578653%","33,5745926277488%","13,0609608184359%","6,56739439962031%","16,3838791330486%","6,16529557559458%"
176,"17,5896335268749%","30,7495643632302%","13,2447033969576%","5,35749127044465%","17,3770293272692%","7,13031426399252%"
177,"16,9838857130269%","33,4275077377215%","12,1942085494939%","5,60475387987532%","17,5924396127284%","6,30748218396502%"
178,"17,4658813779236%","26,6216959791314%","15,9598388663583%","5,59348400551604%","14,0869659730855%","11,5089635683086%"
179,"18,3114829004253%","28,736424027275%","10,8839759586658%","4,93761203472637%","19,2661066394854%","8,55435661312432%"
180,"15,6733574760544%","35,1240195810813%","14,4892722607414%","7,39446658538213%","13,2784966000012%","6,6113446525086%"
181,"17,0982631334029%","23,5086969098615%","18,0459307517199%","6,62864257775654%","10,7481983624907%","15,3915810391015%"
182,"17,1975023612131%","24,9165704690943%","20,7277783607934%","6,57571623465211%","9,33938503515584%","13,5287018574877%"
183,"20,0661268459216%","27,1844451297793%","11,3548831304822%","4,49404356339069%","16,9304807464731%","9,95201859010679%"
184,"17,4476622167747%","27,7365679364951%","13,0929736417615%","5,41156201037216%","15,1662494290686%","11,5013037470442%"
185,"18,5234021037604%","24,1501184728405%","19,0820585523511%","4,79046665410888%","13,6035571594278%","11,1736246740758%"
186,"18,1335914210003%","30,7101896323286%","11,2604546207353%","4,93696174229878%","18,7556931103014%","7,11069476647897%"
187,"17,378046917488%","31,2235332938179%","11,2099676747185%","5,1787667507898%","20,1486107461702%","6,09230731626836%"
906,"18,3618855493031%","28,8717650991362%","12,6103083985598%","5,04933980418226%","17,7820168372762%","8,6869722643196%"
188,"8,55864334331113%","23,3419753611133%","2,68671940934675%","2,96115944844838%","38,946198823308%","13,2933411860424%"
189,"9,34128944450045%","19,6705817118661%","2,9822814799879%","2,55318076418994%","40,3638219578587%","13,0815858453473%"
190,"9,04354878961817%","17,3427751434989%","7,58485150985775%","3,07087596705765%","32,4550786124283%","18,6667082605441%"
191,"8,82559272048657%","17,6518665331726%","3,50353827397615%","2,66034613105576%","40,5610837539078%","14,9622334375404%"
192,"10,5283627503689%","17,5661454341634%","8,75762116653893%","2,87917090859176%","26,8802690429073%","22,1153956143261%"
193,"7,90308824979839%","17,7712154000569%","2,85676160196794%","2,98033800757703%","43,3741580269547%","13,0248371170147%"
194,"7,52741483901073%","17,9398040130658%","2,94855342977135%","2,80622958469435%","42,9188054129725%","13,4624358376108%"
195,"8,34709657509587%","17,4851271266352%","2,47681203316894%","2,59853814370539%","43,0927575821651%","12,5452186783859%"
916,"8,75402338434026%","18,583617670115%","4,23552299087555%","2,81587815130493%","38,5549347724626%","15,1563965580523%"
196,"18,476954945624%","32,261522527188%","8,11703780424651%","4,39564992232004%","21,748316934231%","6,0559295701709%"
197,"17,914915337547%","34,8411042983446%","9,90931948654286%","4,76592580456112%","18,3226310582334%","5,71495188702431%"
198,"19,5113293880001%","31,4667217378397%","11,6333550606321%","4,77893011339069%","16,4032500596963%","7,67984717749482%"
199,"17,8024670377137%","34,9159479401226%","7,73109005679002%","5,32565747546416%","19,6293778589738%","5,24776592882129%"
200,"20,2776192669696%","30,3016136018315%","7,95456889261676%","4,41729517156981%","22,3112938377873%","5,90095633581069%"
201,"16,9398416333618%","36,5949675932163%","7,5366353825198%","4,52123280494559%","17,9142904186687%","4,9560674779589%"
202,"19,9805036972429%","30,7105247968601%","12,2012223668768%","4,65987288923663%","15,457874518204%","7,65999474112886%"
203,"18,1312961913464%","32,4793837684043%","8,46508830571009%","4,60265321937058%","21,0430136130741%","5,96511722048091%"
204,"18,523416908199%","26,5211844931574%","20,7042425265686%","5,11860877395391%","10,8070461772237%","11,0664002776449%"
205,"19,0947265956604%","28,8169645383649%","10,6792380219357%","4,66332386331481%","21,9261112180104%","6,34925126487%"
206,"19,4331382761564%","27,5129591369648%","8,89324640298895%","4,38878648043449%","23,4266556148013%","6,82164021229479%"
207,"18,1368485049467%","30,3697562593268%","11,7885370032609%","4,86154866522965%","20,3841264577461%","5,56624108771348%"
208,"20,5468270632673%","24,898813913298%","8,2322410677595%","3,92528835923735%","25,8676108825003%","6,06272130058601%"
209,"17,4137880944772%","30,255512623108%","5,91063594898463%","4,11522035966416%","27,0808518055838%","4,78922750646408%"
210,"17,1942635389776%","30,8438376722646%","11,0876540651932%","4,30290574934062%","21,2048584084177%","6,11948907194096%"
907,"18,6426899011075%","30,6384180426799%","10,3505147661919%","4,59398007970053%","20,091633055257%","6,5159135186352%"
211,"8,37352645460242%","39,6294461363603%","7,80523700584318%","3,56055196934151%","24,1792588922727%","4,52591545601585%"
212,"10,0897951708626%","40,0673034550252%","13,0085674551167%","5,0540545180878%","16,5105218879306%","5,05004836005059%"
213,"9,89776451597124%","38,4645110795871%","11,6220711245903%","4,35259012865039%","19,0681406838527%","5,20765054052732%"
214,"11,6312042474459%","39,6830504384201%","13,966092832435%","5,03529482744751%","14,9917544847559%","5,33193226610892%"
215,"10,142731349702%","40,2632441177073%","9,22736673970471%","3,76282431961993%","21,4250609219176%","4,73962279606004%"
216,"15,4303792001382%","28,8794592726959%","22,8259695948864%","6,69106849788374%","9,54910598600674%","9,06160922518787%"
217,"15,1466029354869%","31,0846217512035%","22,0161515443874%","6,26619194773521%","9,63411707665862%","8,39067343810452%"
218,"15,5075890558118%","28,7088360863619%","24,0784322411664%","5,56290803980309%","9,2879411259822%","9,32836440757743%"
219,"15,3478221592503%","28,7562463449076%","25,0505175373117%","5,9570279997908%","8,9457643719422%","8,87111728151462%"
220,"12,993129945927%","39,0476515531978%","17,2287693875461%","6,32932377019206%","11,7356516312112%","5,02747534045531%"
221,"9,58882291163749%","37,5927649556271%","12,452279865214%","4,65977472612251%","19,5957413979324%","5,04203353723788%"
222,"9,072971329156%","41,8895599654875%","12,4358194599641%","5,30912742754494%","17,1713885627802%","4,04319721636798%"
223,"11,5058013786931%","38,6785215807026%","16,8085491758739%","5,83973491588267%","13,4678287181563%","5,17223009471856%"
224,"9,83874343114914%","38,8486490257173%","10,2758917360368%","3,42452215969865%","20,1245175091848%","4,36857647770079%"
225,"9,68973047646291%","41,642537693526%","11,9293643207491%","4,71648747270228%","16,9123751979739%","4,79323504992081%"
226,"8,06885740483303%","38,4897512496673%","5,06965600875507%","3,16705610932%","29,2318613386968%","3,09015350942057%"
227,"9,46486796287645%","36,2426612596385%","8,69764148898768%","3,72198756447737%","22,3661206659892%","4,62358703661785%"
228,"9,67429951085784%","38,5796091037496%","6,8333785598486%","3,27439970498396%","25,5112335705986%","3,96045115188455%"
229,"7,65798681862256%","38,4388920897683%","5,50933798007336%","3,00164415901969%","26,071162575006%","3,50613397788114%"
230,"8,02236426253207%","39,2770589152341%","5,29060786008872%","3,03221417537097%","27,7165209257501%","3,49636474439831%"
231,"10,6618944674843%","40,1063266566664%","7,6993073325686%","3,29127327274332%","22,069950586782%","4,39921027089032%"
232,"11,1343447025838%","35,6781429070415%","13,3542278318496%","3,49573771110838%","18,7592632801216%","6,97542693691057%"
233,"9,27444487201028%","39,2630089915288%","4,97108510788209%","2,67035939015864%","28,1691209547605%","3,28009235421962%"
234,"11,6828735278157%","40,4027514996847%","5,812469749637%","3,05730335430692%","24,2912248280313%","3,93584723016676%"
235,"11,3212171243567%","36,9954983425129%","12,559495401602%","3,93088859365124%","19,3332645400957%","6,52095399022276%"
236,"12,2710033587421%","38,4998616108497%","9,84059065985443%","3,73052266215842%","19,9594557192122%","5,68891615113591%"
237,"14,3413843360066%","37,1834740115504%","7,48439290140055%","3,2227392114226%","22,2217026350862%","5,42838660400446%"
238,"13,5038759689923%","37,9581395348837%","6,04806201550388%","3,12480620155039%","24,2697674418605%","5,30852713178295%"
239,"10,8644338118022%","40,2643983696615%","7,21318447634237%","3,22523480418217%","23,3833067517278%","4,40191387559809%"
240,"12,1142620901458%","37,2798771544723%","9,45753068677343%","3,37579116260299%","21,4984595092085%","4,99355257847644%"
241,"13,8715319624967%","33,7424829572494%","18,0112361633879%","4,2571338512599%","14,527283852187%","7,13972274241497%"
242,"14,1646868328603%","34,3763403033122%","12,4370509230925%","3,89718036326135%","18,8415924128592%","6,7944040981355%"
243,"15,6345568285095%","27,2543335345588%","19,6911299363818%","4,33187610701658%","12,1418573333422%","12,7588014037136%"
244,"15,2872136493504%","32,253420783971%","11,2094481943108%","3,57832732293817%","19,7579193994991%","8,58005332236528%"
245,"13,39089465972%","37,7564311299251%","12,1494423640508%","3,80678117876913%","18,0331121784435%","5,40642298925432%"
246,"12,7425166745376%","38,0431758929207%","11,1601337844569%","4,42045064919102%","19,0261164338809%","6,00153968572297%"
247,"9,66215276812279%","41,7645913855907%","7,40761338041876%","3,59369351833829%","23,023107082279%","4,58193142952479%"
248,"12,4479188777769%","41,0735837270373%","8,91458999193387%","3,57335629855598%","19,3532540467108%","4,89122853833231%"
249,"11,4869470697692%","39,4044351099566%","9,10603855389131%","3,57596860664345%","21,1260340094696%","5,19967820581318%"
250,"13,487790258268%","35,7332360376326%","16,3748664355894%","4,42625941466212%","13,5315733236038%","8,15146855698314%"
251,"13,4122622137586%","28,4069423078226%","16,4754437208168%","4,11767496391274%","17,5021516817002%","10,5503561287349%"
252,"10,6885770011863%","39,7316671023264%","10,9776204934349%","3,99432972070858%","19,4181931514286%","4,80314881467034%"
253,"9,35464844805977%","41,2376201125556%","7,28170848590597%","3,72994028163476%","22,6290825981175%","3,83991546042122%"
254,"10,7453821405269%","37,0379328188629%","8,95448511710577%","4,13357481944788%","23,2242896033478%","5,2410736382658%"
255,"9,04793856706181%","39,0971445612466%","8,34339819578021%","4,12137478565571%","23,4041601431447%","4,4315216580929%"
256,"10,5325989067376%","37,9751607430833%","12,357844471904%","4,30184095335833%","17,5110478145224%","5,24430854294511%"
257,"9,36260675145695%","40,0989627240406%","10,0230913022761%","3,8199611479676%","20,1106916394825%","4,73554960964703%"
909,"11,5510463897052%","37,1808636224612%","12,0079582272107%","4,1821088674844%","19,0127939328993%","5,72896764094189%"
258,"14,9644043370424%","26,172553919234%","25,2416855829834%","7,26819522875857%","8,92025458166591%","10,8413689021939%"
259,"16,2398698737603%","26,7838378604022%","17,4281354809921%","5,81897482402729%","14,3793813245815%","10,864245512516%"
260,"14,4012508761525%","33,2104677551381%","13,9454065102418%","7,01510168270291%","17,5323624992035%","5,96371870971537%"
261,"15,513465223844%","32,5168225241711%","14,9918589069322%","5,73911038745839%","16,0653304707425%","7,16272099825651%"
262,"14,1297917995708%","33,6896131763614%","13,5660847880299%","6,67111291538595%","17,995128457925%","5,77103752247289%"
263,"14,3625165164745%","33,4663972762673%","9,40093261278393%","5,54044701095505%","23,2656827858137%","5,45096092674026%"
264,"14,6576495830957%","33,3257285640566%","12,7629756375784%","6,78182460142861%","18,5909448925826%","5,82905565061517%"
265,"15,1142954622996%","32,0379661168627%","14,878824996784%","6,40300686276155%","16,8822815466103%","6,86667673428752%"
266,"14,4457036197587%","33,1408675319081%","12,1207304128443%","6,30522067759585%","20,323260500582%","5,32579879290099%"
267,"14,3256655466529%","29,4318945463944%","9,46342724218144%","6,21711036443526%","25,4530886533988%","6,16334970276557%"
268,"13,2126564763367%","31,7909108598361%","9,77396060796057%","5,71962899703803%","25,0918859317233%","5,32127645774328%"
269,"13,8442530116347%","32,5805676631088%","10,6606719978035%","5,38559220235439%","23,268009747057%","5,78096578233861%"
270,"14,0838638173687%","34,680010915997%","9,37160615528563%","4,87042823010476%","23,0377660078083%","5,40007685752953%"
271,"15,588284359286%","22,4291604108577%","24,0842687257215%","5,1577655441958%","13,5107599914206%","11,2014727961679%"
272,"15,0289050295892%","33,1438638099908%","13,3282402709205%","5,54212608750185%","19,037981322904%","5,58146429345161%"
273,"14,45502138916%","33,3566558033057%","10,8467897847582%","4,92963365309667%","22,5681721934783%","5,36232684600419%"
274,"16,9892484696432%","26,2661447930182%","21,8578558315073%","5,67187643008275%","12,0673410824751%","10,1377724896496%"
275,"18,1823555295771%","23,1349704130353%","16,0084853181666%","5,14635860320629%","17,555151284291%","11,3021548242186%"
276,"13,2516893379439%","36,3705212730358%","8,38533930594776%","4,78885477270993%","23,5708876142615%","4,89042052919869%"
277,"15,6898709329146%","31,0914266084311%","12,3012465034107%","5,63993718408009%","20,6660695882613%","6,25337390194828%"
278,"14,3542451454353%","32,113046662157%","10,9298298962994%","5,24398493207643%","22,4231554515723%","5,75348926689711%"
279,"13,166760894899%","30,4809101293427%","10,5204859869157%","6,2127173499175%","25,3602787617256%","5,37677831750684%"
280,"12,2014888703258%","33,8263475996266%","8,8165200727237%","5,93766891061864%","25,5564837108742%","4,6987863004275%"
281,"15,329424115945%","22,1970143138811%","26,6130642972371%","4,24243976134996%","10,3884464701815%","13,9118633651704%"
282,"15,9536136289412%","29,2420454119574%","15,2319050856895%","4,90205001632946%","18,1819155258353%","6,77324538625863%"
283,"15,5226712408099%","32,2195809364124%","13,2315549696926%","4,6859229271575%","19,4711790368928%","5,89821795939529%"
284,"13,3062751422354%","33,5741392437695%","11,0982548066259%","5,26435692831578%","21,7978309482557%","5,68941433204837%"
285,"10,7986347271014%","34,3583279774867%","7,76420963303611%","6,07571399155128%","27,080824405189%","4,70482525380473%"
286,"12,9109044697499%","34,0471930646313%","9,90163632314887%","5,2775452849168%","23,7662307745468%","5,06100697990494%"
287,"13,2977534040225%","30,0977957704212%","16,8371129652949%","5,78595553881821%","18,3199369211397%","7,44942511150601%"
288,"14,3435795701972%","33,6584388025244%","13,6696366237878%","4,98510413282551%","19,0832993481762%","5,6673417616523%"
289,"13,1342087043133%","32,5846927496447%","12,2207781165353%","6,44077884533628%","21,0107255213964%","6,05512164903373%"
290,"13,9295648979163%","28,5023647486252%","19,2136554756615%","5,00300331822927%","16,1397738472215%","9,60245397341918%"
291,"13,4697546531303%","33,9033417935702%","13,5728637901861%","5,15439932318105%","19,2681895093063%","6,45621827411168%"
292,"10,4012745057116%","38,2796955656663%","9,7841966857286%","5,07715211977014%","23,1769420211212%","4,51920802549011%"
293,"13,0084792728885%","35,0414265129683%","13,5502105963201%","5,74013522500554%","18,9030979827089%","5,54477942806473%"
294,"11,7314101096441%","35,0155180747412%","13,2545981836221%","5,42178635935791%","19,0160014246101%","6,47943219110127%"
295,"11,0484650590518%","36,5350423536888%","7,53848337964184%","5,46440329635414%","26,2221050425565%","4,90532108355136%"
908,"14,1548248047042%","31,6035567954191%","13,6333639204131%","5,63049547604175%","19,7865803046297%","6,76431221753808%"
296,"22,0536186485497%","22,8801377757889%","9,90873710047055%","4,37668660076211%","20,0635992568786%","9,8761916385284%"
297,"21,2639309490823%","28,2523938550568%","6,2436398857325%","4,44993440653237%","21,7132768534752%","6,76532251143288%"
298,"22,2030944636898%","30,3082469644482%","6,16917248142687%","4,05892603907237%","20,7355877434968%","6,05558181702731%"
299,"22,0457784171877%","26,0501967094632%","6,58107361774954%","4,2423787867424%","23,7278659239208%","6,69084908940905%"
910,"21,8720159195475%","26,8769240015225%","7,21104084726183%","4,28856183181639%","21,5690169812959%","7,34509492297316%"
999,"16,4140641387619%","28,521024911785%","11,6060309873757%","4,3287422625886%","20,8032107916817%","8,77356747712883%"
